_id,material_id,Al,Sc,Ti,Cr,Mn,Fe,Co,Ni,Cu,Zn,Ga,Sr,Y,Zr,Nb,Sn,La,Ce,Pr,Nd,Sm,Eu,Gd,Tb,Ho,Yb,Lu,Hf,Bi,Pm,Sbet,calcination_temp,calcination_time,single_phase_binary,ramp_rate_C_min,n_dopants,dopant_1_element_fraction,dopant_1_atomic_radius,dopant_1_electronegativity_pauling,dopant_1_protons,dopant_1_can_be_1,dopant_1_can_be_2,dopant_1_can_be_3,dopant_1_can_be_4,dopant_1_can_be_5,dopant_1_can_be_6,dopant_1_can_be_7,dopant_1_first_ionisation_energy,dopant_2_element_fraction,dopant_2_atomic_radius,dopant_2_electronegativity_pauling,dopant_2_protons,dopant_2_can_be_1,dopant_2_can_be_2,dopant_2_can_be_3,dopant_2_can_be_4,dopant_2_can_be_5,dopant_2_can_be_6,dopant_2_can_be_7,dopant_2_first_ionisation_energy,dopant_3_element_fraction,dopant_3_atomic_radius,dopant_3_electronegativity_pauling,dopant_3_protons,dopant_3_can_be_1,dopant_3_can_be_2,dopant_3_can_be_3,dopant_3_can_be_4,dopant_3_can_be_5,dopant_3_can_be_6,dopant_3_can_be_7,dopant_3_first_ionisation_energy,temp
6967aee15220ac46b0141225,6967aee15220ac46b0141225,0.0,0.0,0.0,0.0,0.0,0.0,0.0,0.0,0.19607843137254902,0.0,0.0,0.0,0.0,0.23529411764705882,0.0,0.0,0.0,0.5686274509803921,0.0,0.0,0.0,0.0,0.0,0.0,0.0,0.0,0.0,0.0,0.0,0.0,84.2,500.0,4.0,0,10.0,2,0.23529411764705882,155.0,1.33,40.0,0.0,0.0,0.0,1.0,0.0,0.0,0.0,6.634126,0.19607843137254902,135.0,1.9,29.0,0.0,1.0,0.0,0.0,0.0,0.0,0.0,7.72638,0.0,0.0,0.0,0.0,0.0,0.0,0.0,0.0,0.0,0.0,0.0,0.0,177.7
6967aee35220ac46b0141227,6967aee35220ac46b0141227,0.0,0.0,0.0,0.0,0.0,0.0,0.0,0.0,0.22,0.0,0.0,0.0,0.0,0.0,0.0,0.0,0.0,0.78,0.0,0.0,0.0,0.0,0.0,0.0,0.0,0.0,0.0,0.0,0.0,0.0,59.7,500.0,4.0,1,10.0,1,0.22,135.0,1.9,29.0,0.0,1.0,0.0,0.0,0.0,0.0,0.0,7.72638,0.0,0.0,0.0,0.0,0.0,0.0,0.0,0.0,0.0,0.0,0.0,0.0,0.0,0.0,0.0,0.0,0.0,0.0,0.0,0.0,0.0,0.0,0.0,0.0,180.4
6967aef55220ac46b014123a,6967aef55220ac46b014123a,0.0,0.0,0.0,0.0,0.0,0.0,0.0,0.0,0.2,0.0,0.0,0.0,0.0,0.0,0.0,0.0,0.0,0.8,0.0,0.0,0.0,0.0,0.0,0.0,0.0,0.0,0.0,0.0,0.0,0.0,32.0,550.0,4.0,1,30.0,1,0.2,135.0,1.9,29.0,0.0,1.0,0.0,0.0,0.0,0.0,0.0,7.72638,0.0,0.0,0.0,0.0,0.0,0.0,0.0,0.0,0.0,0.0,0.0,0.0,0.0,0.0,0.0,0.0,0.0,0.0,0.0,0.0,0.0,0.0,0.0,0.0,81.0
6967aef85c48023e106c0406,6967aef85c48023e106c0406,0.0,0.0,0.0,0.0,0.0,0.0,0.0,0.0,0.0,0.0,0.0,0.0,0.0,0.0,0.0,0.08,0.0,0.8,0.12,0.0,0.0,0.0,0.0,0.0,0.0,0.0,0.0,0.0,0.0,0.0,95.0,500.0,5.0,1,10.0,2,0.12,185.0,1.13,59.0,0.0,0.0,1.0,0.0,0.0,0.0,0.0,5.4702,0.08,145.0,1.96,50.0,0.0,1.0,0.0,1.0,0.0,0.0,0.0,7.343918,0.0,0.0,0.0,0.0,0.0,0.0,0.0,0.0,0.0,0.0,0.0,0.0,310.0
6967aef95c48023e106c0408,6967aef95c48023e106c0408,0.0,0.0,0.0,0.0,0.0,0.0,0.0,0.0,0.0,0.0,0.0,0.0,0.0,0.12,0.0,0.08,0.0,0.8,0.0,0.0,0.0,0.0,0.0,0.0,0.0,0.0,0.0,0.0,0.0,0.0,74.0,500.0,5.0,1,10.0,2,0.12,155.0,1.33,40.0,0.0,0.0,0.0,1.0,0.0,0.0,0.0,6.634126,0.08,145.0,1.96,50.0,0.0,1.0,0.0,1.0,0.0,0.0,0.0,7.343918,0.0,0.0,0.0,0.0,0.0,0.0,0.0,0.0,0.0,0.0,0.0,0.0,361.0
6967aef95c48023e106c0409,6967aef95c48023e106c0409,0.0,0.0,0.0,0.0,0.0,0.0,0.0,0.0,0.0,0.0,0.0,0.0,0.0,0.0,0.0,0.08,0.12,0.8,0.0,0.0,0.0,0.0,0.0,0.0,0.0,0.0,0.0,0.0,0.0,0.0,85.0,500.0,5.0,1,10.0,2,0.12,195.0,1.1,57.0,0.0,0.0,1.0,0.0,0.0,0.0,0.0,5.5769,0.08,145.0,1.96,50.0,0.0,1.0,0.0,1.0,0.0,0.0,0.0,7.343918,0.0,0.0,0.0,0.0,0.0,0.0,0.0,0.0,0.0,0.0,0.0,0.0,324.0
6967af0c5c48023e106c0420,6967af0c5c48023e106c0420,0.0,0.0,0.0,0.0,0.5,0.0,0.0,0.0,0.0,0.0,0.0,0.0,0.0,0.0,0.0,0.0,0.0,0.5,0.0,0.0,0.0,0.0,0.0,0.0,0.0,0.0,0.0,0.0,0.0,0.0,105.4,400.0,6.0,0,10.0,1,0.5,140.0,1.55,25.0,0.0,1.0,0.0,1.0,0.0,0.0,1.0,7.434038,0.0,0.0,0.0,0.0,0.0,0.0,0.0,0.0,0.0,0.0,0.0,0.0,0.0,0.0,0.0,0.0,0.0,0.0,0.0,0.0,0.0,0.0,0.0,0.0,246.0
6967af0c5220ac46b014124a,6967af0c5220ac46b014124a,0.0,0.0,0.0,0.0,0.42857142857142855,0.0,0.0,0.0,0.0,0.0,0.0,0.0,0.0,0.0,0.0,0.0,0.0,0.5714285714285714,0.0,0.0,0.0,0.0,0.0,0.0,0.0,0.0,0.0,0.0,0.0,0.0,94.4,400.0,6.0,0,10.0,1,0.42857142857142855,140.0,1.55,25.0,0.0,1.0,0.0,1.0,0.0,0.0,1.0,7.434038,0.0,0.0,0.0,0.0,0.0,0.0,0.0,0.0,0.0,0.0,0.0,0.0,0.0,0.0,0.0,0.0,0.0,0.0,0.0,0.0,0.0,0.0,0.0,0.0,262.0
6967af0d5220ac46b014124d,6967af0d5220ac46b014124d,0.0,0.0,0.0,0.0,0.24812030075187969,0.0,0.0,0.0,0.0,0.0,0.0,0.0,0.0,0.0,0.0,0.0,0.0,0.7518796992481203,0.0,0.0,0.0,0.0,0.0,0.0,0.0,0.0,0.0,0.0,0.0,0.0,77.9,400.0,6.0,1,10.0,1,0.24812030075187969,140.0,1.55,25.0,0.0,1.0,0.0,1.0,0.0,0.0,1.0,7.434038,0.0,0.0,0.0,0.0,0.0,0.0,0.0,0.0,0.0,0.0,0.0,0.0,0.0,0.0,0.0,0.0,0.0,0.0,0.0,0.0,0.0,0.0,0.0,0.0,270.0
6967af305c48023e106c0459,6967af305c48023e106c0459,0.0,0.0,0.0,0.0,0.0,0.2,0.0,0.0,0.0,0.0,0.0,0.0,0.0,0.0,0.0,0.0,0.0,0.8,0.0,0.0,0.0,0.0,0.0,0.0,0.0,0.0,0.0,0.0,0.0,0.0,26.0,500.0,6.0,0,30.0,1,0.2,140.0,1.83,26.0,0.0,1.0,1.0,0.0,0.0,0.0,0.0,7.9024681,0.0,0.0,0.0,0.0,0.0,0.0,0.0,0.0,0.0,0.0,0.0,0.0,0.0,0.0,0.0,0.0,0.0,0.0,0.0,0.0,0.0,0.0,0.0,0.0,163.0
6967af305c48023e106c045a,6967af305c48023e106c045a,0.0,0.0,0.0,0.0,0.2,0.0,0.0,0.0,0.0,0.0,0.0,0.0,0.0,0.0,0.0,0.0,0.0,0.8,0.0,0.0,0.0,0.0,0.0,0.0,0.0,0.0,0.0,0.0,0.0,0.0,63.0,500.0,6.0,1,30.0,1,0.2,140.0,1.55,25.0,0.0,1.0,0.0,1.0,0.0,0.0,1.0,7.434038,0.0,0.0,0.0,0.0,0.0,0.0,0.0,0.0,0.0,0.0,0.0,0.0,0.0,0.0,0.0,0.0,0.0,0.0,0.0,0.0,0.0,0.0,0.0,0.0,162.0
6967af375220ac46b014126a,6967af375220ac46b014126a,0.0,0.0,0.0,0.0,0.0,0.0,0.0,0.0,0.2,0.0,0.0,0.0,0.0,0.16,0.0,0.0,0.0,0.64,0.0,0.0,0.0,0.0,0.0,0.0,0.0,0.0,0.0,0.0,0.0,0.0,183.0,400.0,4.0,1,10.0,2,0.2,135.0,1.9,29.0,0.0,1.0,0.0,0.0,0.0,0.0,0.0,7.72638,0.16,155.0,1.33,40.0,0.0,0.0,0.0,1.0,0.0,0.0,0.0,6.634126,0.0,0.0,0.0,0.0,0.0,0.0,0.0,0.0,0.0,0.0,0.0,0.0,186.0
6967af405c48023e106c0470,6967af405c48023e106c0470,0.0,0.0,0.0,0.0,0.0,0.0,0.0,0.0,0.0,0.0,0.0,0.0,0.0,0.0,0.0,0.1,0.0,0.9,0.0,0.0,0.0,0.0,0.0,0.0,0.0,0.0,0.0,0.0,0.0,0.0,31.2,550.0,5.0,1,15.0,1,0.1,145.0,1.96,50.0,0.0,1.0,0.0,1.0,0.0,0.0,0.0,7.343918,0.0,0.0,0.0,0.0,0.0,0.0,0.0,0.0,0.0,0.0,0.0,0.0,0.0,0.0,0.0,0.0,0.0,0.0,0.0,0.0,0.0,0.0,0.0,0.0,405.0
6967af405c48023e106c0471,6967af405c48023e106c0471,0.0,0.0,0.0,0.0,0.0,0.0,0.0,0.0,0.0,0.0,0.0,0.0,0.0,0.0,0.0,0.15,0.0,0.85,0.0,0.0,0.0,0.0,0.0,0.0,0.0,0.0,0.0,0.0,0.0,0.0,41.3,550.0,5.0,1,15.0,1,0.15,145.0,1.96,50.0,0.0,1.0,0.0,1.0,0.0,0.0,0.0,7.343918,0.0,0.0,0.0,0.0,0.0,0.0,0.0,0.0,0.0,0.0,0.0,0.0,0.0,0.0,0.0,0.0,0.0,0.0,0.0,0.0,0.0,0.0,0.0,0.0,327.0
6967af405c48023e106c0472,6967af405c48023e106c0472,0.0,0.0,0.0,0.0,0.0,0.0,0.0,0.0,0.0,0.0,0.0,0.0,0.0,0.0,0.0,0.05,0.0,0.95,0.0,0.0,0.0,0.0,0.0,0.0,0.0,0.0,0.0,0.0,0.0,0.0,42.0,550.0,5.0,1,15.0,1,0.05,145.0,1.96,50.0,0.0,1.0,0.0,1.0,0.0,0.0,0.0,7.343918,0.0,0.0,0.0,0.0,0.0,0.0,0.0,0.0,0.0,0.0,0.0,0.0,0.0,0.0,0.0,0.0,0.0,0.0,0.0,0.0,0.0,0.0,0.0,0.0,351.0
6967af475c48023e106c047c,6967af475c48023e106c047c,0.0,0.0,0.0,0.0,0.0,0.0,0.0,0.0,0.1,0.0,0.0,0.0,0.0,0.0,0.0,0.0,0.0,0.9,0.0,0.0,0.0,0.0,0.0,0.0,0.0,0.0,0.0,0.0,0.0,0.0,58.6,450.0,4.0,1,10.0,1,0.1,135.0,1.9,29.0,0.0,1.0,0.0,0.0,0.0,0.0,0.0,7.72638,0.0,0.0,0.0,0.0,0.0,0.0,0.0,0.0,0.0,0.0,0.0,0.0,0.0,0.0,0.0,0.0,0.0,0.0,0.0,0.0,0.0,0.0,0.0,0.0,165.6
6967af475c48023e106c047d,6967af475c48023e106c047d,0.0,0.0,0.0,0.0,0.0,0.0,0.0,0.0,0.2,0.0,0.0,0.0,0.0,0.0,0.0,0.0,0.0,0.8,0.0,0.0,0.0,0.0,0.0,0.0,0.0,0.0,0.0,0.0,0.0,0.0,61.3,450.0,4.0,0,10.0,1,0.2,135.0,1.9,29.0,0.0,1.0,0.0,0.0,0.0,0.0,0.0,7.72638,0.0,0.0,0.0,0.0,0.0,0.0,0.0,0.0,0.0,0.0,0.0,0.0,0.0,0.0,0.0,0.0,0.0,0.0,0.0,0.0,0.0,0.0,0.0,0.0,165.2
6967af489890fdd35aa2c57a,6967af489890fdd35aa2c57a,0.0,0.0,0.0,0.0,0.0,0.0,0.0,0.0,0.3,0.0,0.0,0.0,0.0,0.0,0.0,0.0,0.0,0.7,0.0,0.0,0.0,0.0,0.0,0.0,0.0,0.0,0.0,0.0,0.0,0.0,59.3,450.0,4.0,0,10.0,1,0.3,135.0,1.9,29.0,0.0,1.0,0.0,0.0,0.0,0.0,0.0,7.72638,0.0,0.0,0.0,0.0,0.0,0.0,0.0,0.0,0.0,0.0,0.0,0.0,0.0,0.0,0.0,0.0,0.0,0.0,0.0,0.0,0.0,0.0,0.0,0.0,162.4
6967af495c48023e106c047e,6967af495c48023e106c047e,0.0,0.0,0.0,0.0,0.0,0.0,0.0,0.0,0.0,0.0,0.0,0.0,0.0,0.25,0.0,0.0,0.0,0.75,0.0,0.0,0.0,0.0,0.0,0.0,0.0,0.0,0.0,0.0,0.0,0.0,108.4,500.0,4.0,1,10.0,1,0.25,155.0,1.33,40.0,0.0,0.0,0.0,1.0,0.0,0.0,0.0,6.634126,0.0,0.0,0.0,0.0,0.0,0.0,0.0,0.0,0.0,0.0,0.0,0.0,0.0,0.0,0.0,0.0,0.0,0.0,0.0,0.0,0.0,0.0,0.0,0.0,481.0
6967af495c48023e106c047f,6967af495c48023e106c047f,0.0,0.0,0.0,0.0,0.0,0.0,0.0,0.0,0.0,0.0,0.0,0.0,0.0,0.5,0.0,0.0,0.0,0.5,0.0,0.0,0.0,0.0,0.0,0.0,0.0,0.0,0.0,0.0,0.0,0.0,116.0,500.0,4.0,0,10.0,1,0.5,155.0,1.33,40.0,0.0,0.0,0.0,1.0,0.0,0.0,0.0,6.634126,0.0,0.0,0.0,0.0,0.0,0.0,0.0,0.0,0.0,0.0,0.0,0.0,0.0,0.0,0.0,0.0,0.0,0.0,0.0,0.0,0.0,0.0,0.0,0.0,539.0
6967af4a5220ac46b0141278,6967af4a5220ac46b0141278,0.0,0.0,0.0,0.0,0.0,0.0,0.0,0.0,0.0,0.0,0.0,0.0,0.0,0.0,0.0,0.0,0.2,0.8,0.0,0.0,0.0,0.0,0.0,0.0,0.0,0.0,0.0,0.0,0.0,0.0,66.0,500.0,5.0,1,5.0,1,0.2,195.0,1.1,57.0,0.0,0.0,1.0,0.0,0.0,0.0,0.0,5.5769,0.0,0.0,0.0,0.0,0.0,0.0,0.0,0.0,0.0,0.0,0.0,0.0,0.0,0.0,0.0,0.0,0.0,0.0,0.0,0.0,0.0,0.0,0.0,0.0,398.0
696e4eda2618c2e518bec5e4,696e4eda2618c2e518bec5e4,0.0,0.0,0.0,0.0,0.0,0.0,0.0,0.0,0.0,0.0,0.0,0.0,0.0,0.0,0.0,0.0,0.0,1.0,0.0,0.0,0.0,0.0,0.0,0.0,0.0,0.0,0.0,0.0,0.0,0.0,22.4,550.0,5.0,1,15.0,0,0.0,0.0,0.0,0.0,0.0,0.0,0.0,0.0,0.0,0.0,0.0,0.0,0.0,0.0,0.0,0.0,0.0,0.0,0.0,0.0,0.0,0.0,0.0,0.0,0.0,0.0,0.0,0.0,0.0,0.0,0.0,0.0,0.0,0.0,0.0,0.0,400.0
696e4eda420f3dbc5d638647,696e4eda420f3dbc5d638647,0.0,0.0,0.0,0.0,0.0,0.0,0.0,0.0,0.0,0.0,0.0,0.0,0.0,0.0,0.0,0.025,0.0,0.975,0.0,0.0,0.0,0.0,0.0,0.0,0.0,0.0,0.0,0.0,0.0,0.0,40.0,550.0,5.0,1,15.0,1,0.025,145.0,1.96,50.0,0.0,1.0,0.0,1.0,0.0,0.0,0.0,7.343918,0.0,0.0,0.0,0.0,0.0,0.0,0.0,0.0,0.0,0.0,0.0,0.0,0.0,0.0,0.0,0.0,0.0,0.0,0.0,0.0,0.0,0.0,0.0,0.0,487.0
696e4edb7e96e20c191dce35,696e4edb7e96e20c191dce35,0.0,0.0,0.0,0.0,0.0,0.0,0.0,0.0,0.0,0.0,0.0,0.0,0.0,0.0,0.0,0.2,0.0,0.8,0.0,0.0,0.0,0.0,0.0,0.0,0.0,0.0,0.0,0.0,0.0,0.0,31.3,550.0,5.0,0,15.0,1,0.2,145.0,1.96,50.0,0.0,1.0,0.0,1.0,0.0,0.0,0.0,7.343918,0.0,0.0,0.0,0.0,0.0,0.0,0.0,0.0,0.0,0.0,0.0,0.0,0.0,0.0,0.0,0.0,0.0,0.0,0.0,0.0,0.0,0.0,0.0,0.0,358.0
697b46006f7ebc629f8d5199,697b46006f7ebc629f8d5199,0.0,0.0,0.0,0.0,0.0,0.0,0.0,0.0,0.0,0.0,0.0,0.0,0.0,0.0,0.0,0.0,0.0,1.0,0.0,0.0,0.0,0.0,0.0,0.0,0.0,0.0,0.0,0.0,0.0,0.0,28.6,400.0,6.0,1,10.0,0,0.0,0.0,0.0,0.0,0.0,0.0,0.0,0.0,0.0,0.0,0.0,0.0,0.0,0.0,0.0,0.0,0.0,0.0,0.0,0.0,0.0,0.0,0.0,0.0,0.0,0.0,0.0,0.0,0.0,0.0,0.0,0.0,0.0,0.0,0.0,0.0,490.0
697cc9cbe3e5fca0f86701f7,697cc9cbe3e5fca0f86701f7,0.0,0.0,0.0,0.0,0.05,0.0,0.0,0.0,0.0,0.0,0.0,0.0,0.0,0.0,0.0,0.0,0.0,0.95,0.0,0.0,0.0,0.0,0.0,0.0,0.0,0.0,0.0,0.0,0.0,0.0,39.0,650.0,0.5,1,5.0,1,0.05,140.0,1.55,25.0,0.0,1.0,0.0,1.0,0.0,0.0,1.0,7.434038,0.0,0.0,0.0,0.0,0.0,0.0,0.0,0.0,0.0,0.0,0.0,0.0,0.0,0.0,0.0,0.0,0.0,0.0,0.0,0.0,0.0,0.0,0.0,0.0,185.0
697cc9cc0afa50114e1a5d02,697cc9cc0afa50114e1a5d02,0.0,0.0,0.0,0.0,0.15,0.0,0.0,0.0,0.0,0.0,0.0,0.0,0.0,0.0,0.0,0.0,0.0,0.85,0.0,0.0,0.0,0.0,0.0,0.0,0.0,0.0,0.0,0.0,0.0,0.0,41.0,650.0,0.5,1,5.0,1,0.15,140.0,1.55,25.0,0.0,1.0,0.0,1.0,0.0,0.0,1.0,7.434038,0.0,0.0,0.0,0.0,0.0,0.0,0.0,0.0,0.0,0.0,0.0,0.0,0.0,0.0,0.0,0.0,0.0,0.0,0.0,0.0,0.0,0.0,0.0,0.0,188.0
697cc9ccc4a6816321539c5f,697cc9ccc4a6816321539c5f,0.0,0.0,0.0,0.0,0.45,0.0,0.0,0.0,0.0,0.0,0.0,0.0,0.0,0.0,0.0,0.0,0.0,0.55,0.0,0.0,0.0,0.0,0.0,0.0,0.0,0.0,0.0,0.0,0.0,0.0,16.0,650.0,0.5,0,5.0,1,0.45,140.0,1.55,25.0,0.0,1.0,0.0,1.0,0.0,0.0,1.0,7.434038,0.0,0.0,0.0,0.0,0.0,0.0,0.0,0.0,0.0,0.0,0.0,0.0,0.0,0.0,0.0,0.0,0.0,0.0,0.0,0.0,0.0,0.0,0.0,0.0,332.0
697cc9ccc4a6816321539c60,697cc9ccc4a6816321539c60,0.0,0.0,0.0,0.0,0.025,0.0,0.0,0.0,0.025,0.0,0.0,0.0,0.0,0.0,0.0,0.0,0.0,0.95,0.0,0.0,0.0,0.0,0.0,0.0,0.0,0.0,0.0,0.0,0.0,0.0,8.0,650.0,0.5,1,5.0,2,0.025,135.0,1.9,29.0,0.0,1.0,0.0,0.0,0.0,0.0,0.0,7.72638,0.025,140.0,1.55,25.0,0.0,1.0,0.0,1.0,0.0,0.0,1.0,7.434038,0.0,0.0,0.0,0.0,0.0,0.0,0.0,0.0,0.0,0.0,0.0,0.0,154.0
697cc9cde3e5fca0f86701f9,697cc9cde3e5fca0f86701f9,0.0,0.0,0.0,0.0,0.075,0.0,0.0,0.0,0.075,0.0,0.0,0.0,0.0,0.0,0.0,0.0,0.0,0.85,0.0,0.0,0.0,0.0,0.0,0.0,0.0,0.0,0.0,0.0,0.0,0.0,38.0,650.0,0.5,1,5.0,2,0.075,135.0,1.9,29.0,0.0,1.0,0.0,0.0,0.0,0.0,0.0,7.72638,0.075,140.0,1.55,25.0,0.0,1.0,0.0,1.0,0.0,0.0,1.0,7.434038,0.0,0.0,0.0,0.0,0.0,0.0,0.0,0.0,0.0,0.0,0.0,0.0,149.0
697cc9cde3e5fca0f86701fa,697cc9cde3e5fca0f86701fa,0.0,0.0,0.0,0.0,0.225,0.0,0.0,0.0,0.225,0.0,0.0,0.0,0.0,0.0,0.0,0.0,0.0,0.55,0.0,0.0,0.0,0.0,0.0,0.0,0.0,0.0,0.0,0.0,0.0,0.0,18.0,650.0,0.5,0,5.0,2,0.225,135.0,1.9,29.0,0.0,1.0,0.0,0.0,0.0,0.0,0.0,7.72638,0.225,140.0,1.55,25.0,0.0,1.0,0.0,1.0,0.0,0.0,1.0,7.434038,0.0,0.0,0.0,0.0,0.0,0.0,0.0,0.0,0.0,0.0,0.0,0.0,157.0
69b7d4f09605ebc57c753077,69b7d4f09605ebc57c753077,0.0,0.0,0.0,0.0,0.3,0.0,0.0,0.0,0.0,0.0,0.0,0.0,0.0,0.0,0.0,0.0,0.0,0.7,0.0,0.0,0.0,0.0,0.0,0.0,0.0,0.0,0.0,0.0,0.0,0.0,11.0,800.0,5.0,0,5.0,1,0.3,140.0,1.55,25.0,0.0,1.0,0.0,1.0,0.0,0.0,1.0,7.434038,0.0,0.0,0.0,0.0,0.0,0.0,0.0,0.0,0.0,0.0,0.0,0.0,0.0,0.0,0.0,0.0,0.0,0.0,0.0,0.0,0.0,0.0,0.0,0.0,247.0
69b7d4f19605ebc57c753079,69b7d4f19605ebc57c753079,0.0,0.0,0.0,0.0,0.0,0.0,0.0,0.0,0.05,0.0,0.0,0.0,0.0,0.0,0.0,0.0,0.0,0.95,0.0,0.0,0.0,0.0,0.0,0.0,0.0,0.0,0.0,0.0,0.0,0.0,65.8,500.0,3.0,1,10.0,1,0.05,135.0,1.9,29.0,0.0,1.0,0.0,0.0,0.0,0.0,0.0,7.72638,0.0,0.0,0.0,0.0,0.0,0.0,0.0,0.0,0.0,0.0,0.0,0.0,0.0,0.0,0.0,0.0,0.0,0.0,0.0,0.0,0.0,0.0,0.0,0.0,129.1
69b7d4f69605ebc57c753089,69b7d4f69605ebc57c753089,0.0,0.0,0.0,0.0,0.18,0.0,0.0,0.0,0.0,0.0,0.0,0.0,0.0,0.0,0.0,0.0,0.0,0.82,0.0,0.0,0.0,0.0,0.0,0.0,0.0,0.0,0.0,0.0,0.0,0.0,127.0,300.0,3.0,1,10.0,1,0.18,140.0,1.55,25.0,0.0,1.0,0.0,1.0,0.0,0.0,1.0,7.434038,0.0,0.0,0.0,0.0,0.0,0.0,0.0,0.0,0.0,0.0,0.0,0.0,0.0,0.0,0.0,0.0,0.0,0.0,0.0,0.0,0.0,0.0,0.0,0.0,101.0
69b7d4f89605ebc57c75308f,69b7d4f89605ebc57c75308f,0.0,0.0,0.0,0.0,0.0,0.0,0.0,0.0,0.0,0.0,0.0,0.0,0.0,0.5,0.0,0.0,0.0,0.5,0.0,0.0,0.0,0.0,0.0,0.0,0.0,0.0,0.0,0.0,0.0,0.0,84.0,500.0,5.0,0,5.0,1,0.5,155.0,1.33,40.0,0.0,0.0,0.0,1.0,0.0,0.0,0.0,6.634126,0.0,0.0,0.0,0.0,0.0,0.0,0.0,0.0,0.0,0.0,0.0,0.0,0.0,0.0,0.0,0.0,0.0,0.0,0.0,0.0,0.0,0.0,0.0,0.0,439.0
69b7d4f99605ebc57c753091,69b7d4f99605ebc57c753091,0.0,0.0,0.0,0.0,0.0,0.0,0.0,0.0,0.0,0.0,0.0,0.0,0.0,0.0,0.0,0.0,0.2,0.8,0.0,0.0,0.0,0.0,0.0,0.0,0.0,0.0,0.0,0.0,0.0,0.0,66.0,500.0,5.0,1,5.0,1,0.2,195.0,1.1,57.0,0.0,0.0,1.0,0.0,0.0,0.0,0.0,5.5769,0.0,0.0,0.0,0.0,0.0,0.0,0.0,0.0,0.0,0.0,0.0,0.0,0.0,0.0,0.0,0.0,0.0,0.0,0.0,0.0,0.0,0.0,0.0,0.0,401.0
69b7d4f99605ebc57c753093,69b7d4f99605ebc57c753093,0.0,0.0,0.0,0.0,0.0,0.0,0.0,0.0,0.0,0.0,0.0,0.0,0.0,0.0,0.0,0.0,0.0,0.8,0.0,0.0,0.0,0.2,0.0,0.0,0.0,0.0,0.0,0.0,0.0,0.0,91.0,500.0,5.0,1,5.0,1,0.2,185.0,1.2,63.0,0.0,1.0,1.0,0.0,0.0,0.0,0.0,5.670385,0.0,0.0,0.0,0.0,0.0,0.0,0.0,0.0,0.0,0.0,0.0,0.0,0.0,0.0,0.0,0.0,0.0,0.0,0.0,0.0,0.0,0.0,0.0,0.0,308.0
69b7d4f99605ebc57c753093,69b7d4f99605ebc57c753093,0.0,0.0,0.0,0.0,0.0,0.0,0.0,0.0,0.0,0.0,0.0,0.0,0.0,0.0,0.0,0.0,0.0,0.8,0.0,0.0,0.0,0.2,0.0,0.0,0.0,0.0,0.0,0.0,0.0,0.0,91.0,500.0,5.0,1,5.0,1,0.2,185.0,1.2,63.0,0.0,1.0,1.0,0.0,0.0,0.0,0.0,5.670385,0.0,0.0,0.0,0.0,0.0,0.0,0.0,0.0,0.0,0.0,0.0,0.0,0.0,0.0,0.0,0.0,0.0,0.0,0.0,0.0,0.0,0.0,0.0,0.0,250.0
69b7d4fe9605ebc57c7530a1,69b7d4fe9605ebc57c7530a1,0.0,0.0,0.0,0.0,0.0,0.0,0.0,0.0,0.0,0.0,0.0,0.0,0.0,0.2227772227772228,0.0,0.0,0.0,0.6513486513486515,0.0,0.0,0.0,0.0,0.0,0.1258741258741259,0.0,0.0,0.0,0.0,0.0,0.0,41.0,600.0,2.0,1,5.0,2,0.2227772227772228,155.0,1.33,40.0,0.0,0.0,0.0,1.0,0.0,0.0,0.0,6.634126,0.1258741258741259,175.0,1.21,65.0,0.0,0.0,1.0,0.0,0.0,0.0,0.0,5.8638,0.0,0.0,0.0,0.0,0.0,0.0,0.0,0.0,0.0,0.0,0.0,0.0,404.0
69b7d4fe9605ebc57c7530a3,69b7d4fe9605ebc57c7530a3,0.0,0.0,0.0,0.0,0.0,0.0,0.0,0.0,0.0,0.0,0.0,0.0,0.0,0.241,0.0,0.0,0.0,0.656,0.0,0.0,0.0,0.0,0.103,0.0,0.0,0.0,0.0,0.0,0.0,0.0,47.0,600.0,2.0,1,5.0,2,0.241,155.0,1.33,40.0,0.0,0.0,0.0,1.0,0.0,0.0,0.0,6.634126,0.103,180.0,1.2,64.0,0.0,0.0,1.0,0.0,0.0,0.0,0.0,6.1498,0.0,0.0,0.0,0.0,0.0,0.0,0.0,0.0,0.0,0.0,0.0,0.0,418.0
69b7d4ff9605ebc57c7530a5,69b7d4ff9605ebc57c7530a5,0.0,0.0,0.0,0.0,0.0,0.0,0.0,0.0,0.0,0.0,0.0,0.0,0.0,0.242,0.0,0.0,0.0,0.644,0.0,0.0,0.0,0.114,0.0,0.0,0.0,0.0,0.0,0.0,0.0,0.0,40.0,600.0,2.0,1,5.0,2,0.242,155.0,1.33,40.0,0.0,0.0,0.0,1.0,0.0,0.0,0.0,6.634126,0.114,185.0,1.2,63.0,0.0,1.0,1.0,0.0,0.0,0.0,0.0,5.670385,0.0,0.0,0.0,0.0,0.0,0.0,0.0,0.0,0.0,0.0,0.0,0.0,437.0
69b7d5009605ebc57c7530a7,69b7d5009605ebc57c7530a7,0.0,0.0,0.0,0.0,0.0,0.0,0.0,0.0,0.0,0.0,0.0,0.0,0.0,0.23123123123123124,0.0,0.0,0.0,0.6516516516516516,0.0,0.0,0.11711711711711713,0.0,0.0,0.0,0.0,0.0,0.0,0.0,0.0,0.0,62.0,600.0,2.0,1,5.0,2,0.23123123123123124,155.0,1.33,40.0,0.0,0.0,0.0,1.0,0.0,0.0,0.0,6.634126,0.11711711711711713,185.0,1.17,62.0,0.0,0.0,1.0,0.0,0.0,0.0,0.0,5.643722,0.0,0.0,0.0,0.0,0.0,0.0,0.0,0.0,0.0,0.0,0.0,0.0,413.0
69b7d5009605ebc57c7530a9,69b7d5009605ebc57c7530a9,0.0,0.0,0.0,0.0,0.0,0.0,0.0,0.0,0.0,0.0,0.0,0.0,0.0,0.224,0.0,0.0,0.0,0.657,0.0,0.119,0.0,0.0,0.0,0.0,0.0,0.0,0.0,0.0,0.0,0.0,47.0,600.0,2.0,1,5.0,2,0.224,155.0,1.33,40.0,0.0,0.0,0.0,1.0,0.0,0.0,0.0,6.634126,0.119,185.0,1.14,60.0,0.0,0.0,1.0,0.0,0.0,0.0,0.0,5.525,0.0,0.0,0.0,0.0,0.0,0.0,0.0,0.0,0.0,0.0,0.0,0.0,427.0
69b7d5019605ebc57c7530ab,69b7d5019605ebc57c7530ab,0.0,0.0,0.0,0.0,0.0,0.0,0.0,0.0,0.0,0.0,0.0,0.0,0.0,0.233,0.0,0.0,0.0,0.64,0.127,0.0,0.0,0.0,0.0,0.0,0.0,0.0,0.0,0.0,0.0,0.0,45.0,600.0,2.0,1,5.0,2,0.233,155.0,1.33,40.0,0.0,0.0,0.0,1.0,0.0,0.0,0.0,6.634126,0.127,185.0,1.13,59.0,0.0,0.0,1.0,0.0,0.0,0.0,0.0,5.4702,0.0,0.0,0.0,0.0,0.0,0.0,0.0,0.0,0.0,0.0,0.0,0.0,395.0
69b7d5029605ebc57c7530ad,69b7d5029605ebc57c7530ad,0.0,0.0,0.0,0.0,0.0,0.0,0.0,0.0,0.0,0.0,0.0,0.0,0.0,0.225,0.0,0.0,0.108,0.667,0.0,0.0,0.0,0.0,0.0,0.0,0.0,0.0,0.0,0.0,0.0,0.0,65.0,600.0,2.0,1,5.0,2,0.225,155.0,1.33,40.0,0.0,0.0,0.0,1.0,0.0,0.0,0.0,6.634126,0.108,195.0,1.1,57.0,0.0,0.0,1.0,0.0,0.0,0.0,0.0,5.5769,0.0,0.0,0.0,0.0,0.0,0.0,0.0,0.0,0.0,0.0,0.0,0.0,572.0
69b7d5149605ebc57c7530e5,69b7d5149605ebc57c7530e5,0.0,0.0,0.0,0.0,0.0,0.0,0.0,0.0,0.0,0.0,0.0,0.0,0.0,0.2,0.0,0.0,0.0,0.8,0.0,0.0,0.0,0.0,0.0,0.0,0.0,0.0,0.0,0.0,0.0,0.0,84.0,500.0,5.0,1,5.0,1,0.2,155.0,1.33,40.0,0.0,0.0,0.0,1.0,0.0,0.0,0.0,6.634126,0.0,0.0,0.0,0.0,0.0,0.0,0.0,0.0,0.0,0.0,0.0,0.0,0.0,0.0,0.0,0.0,0.0,0.0,0.0,0.0,0.0,0.0,0.0,0.0,439.0
69b7d5149605ebc57c7530e7,69b7d5149605ebc57c7530e7,0.0,0.0,0.0,0.0,0.0,0.0,0.0,0.0,0.0,0.0,0.0,0.0,0.0,0.0,0.0,0.0,0.2,0.8,0.0,0.0,0.0,0.0,0.0,0.0,0.0,0.0,0.0,0.0,0.0,0.0,66.0,500.0,5.0,1,5.0,1,0.2,195.0,1.1,57.0,0.0,0.0,1.0,0.0,0.0,0.0,0.0,5.5769,0.0,0.0,0.0,0.0,0.0,0.0,0.0,0.0,0.0,0.0,0.0,0.0,0.0,0.0,0.0,0.0,0.0,0.0,0.0,0.0,0.0,0.0,0.0,0.0,398.0
69b7d5159605ebc57c7530e9,69b7d5159605ebc57c7530e9,0.0,0.0,0.0,0.0,0.0,0.0,0.0,0.0,0.0,0.0,0.0,0.0,0.0,0.0,0.0,0.0,0.0,0.8,0.2,0.0,0.0,0.0,0.0,0.0,0.0,0.0,0.0,0.0,0.0,0.0,68.0,500.0,5.0,1,5.0,1,0.2,185.0,1.13,59.0,0.0,0.0,1.0,0.0,0.0,0.0,0.0,5.4702,0.0,0.0,0.0,0.0,0.0,0.0,0.0,0.0,0.0,0.0,0.0,0.0,0.0,0.0,0.0,0.0,0.0,0.0,0.0,0.0,0.0,0.0,0.0,0.0,480.0
69b7d5169605ebc57c7530ed,69b7d5169605ebc57c7530ed,0.0,0.0,0.0,0.0,0.0,0.1,0.0,0.0,0.0,0.0,0.0,0.0,0.0,0.0,0.0,0.0,0.0,0.9,0.0,0.0,0.0,0.0,0.0,0.0,0.0,0.0,0.0,0.0,0.0,0.0,68.0,500.0,5.0,1,5.0,1,0.1,140.0,1.83,26.0,0.0,1.0,1.0,0.0,0.0,0.0,0.0,7.9024681,0.0,0.0,0.0,0.0,0.0,0.0,0.0,0.0,0.0,0.0,0.0,0.0,0.0,0.0,0.0,0.0,0.0,0.0,0.0,0.0,0.0,0.0,0.0,0.0,344.0
69b7d5179605ebc57c7530ef,69b7d5179605ebc57c7530ef,0.0,0.0,0.0,0.0,0.2,0.0,0.0,0.0,0.0,0.0,0.0,0.0,0.0,0.0,0.0,0.0,0.0,0.8,0.0,0.0,0.0,0.0,0.0,0.0,0.0,0.0,0.0,0.0,0.0,0.0,58.0,500.0,5.0,1,5.0,1,0.2,140.0,1.55,25.0,0.0,1.0,0.0,1.0,0.0,0.0,1.0,7.434038,0.0,0.0,0.0,0.0,0.0,0.0,0.0,0.0,0.0,0.0,0.0,0.0,0.0,0.0,0.0,0.0,0.0,0.0,0.0,0.0,0.0,0.0,0.0,0.0,238.0
69b7d5309605ebc57c75313d,69b7d5309605ebc57c75313d,0.0,0.0,0.0,0.0,0.0,0.0,0.0,0.0,0.05,0.0,0.0,0.0,0.0,0.0,0.0,0.0,0.0,0.95,0.0,0.0,0.0,0.0,0.0,0.0,0.0,0.0,0.0,0.0,0.0,0.0,39.0,550.0,4.0,1,10.0,1,0.05,135.0,1.9,29.0,0.0,1.0,0.0,0.0,0.0,0.0,0.0,7.72638,0.0,0.0,0.0,0.0,0.0,0.0,0.0,0.0,0.0,0.0,0.0,0.0,0.0,0.0,0.0,0.0,0.0,0.0,0.0,0.0,0.0,0.0,0.0,0.0,255.0
69b7d5309605ebc57c75313d,69b7d5309605ebc57c75313d,0.0,0.0,0.0,0.0,0.0,0.0,0.0,0.0,0.05,0.0,0.0,0.0,0.0,0.0,0.0,0.0,0.0,0.95,0.0,0.0,0.0,0.0,0.0,0.0,0.0,0.0,0.0,0.0,0.0,0.0,39.0,550.0,4.0,1,10.0,1,0.05,135.0,1.9,29.0,0.0,1.0,0.0,0.0,0.0,0.0,0.0,7.72638,0.0,0.0,0.0,0.0,0.0,0.0,0.0,0.0,0.0,0.0,0.0,0.0,0.0,0.0,0.0,0.0,0.0,0.0,0.0,0.0,0.0,0.0,0.0,0.0,255.0
69b7d5319605ebc57c75313f,69b7d5319605ebc57c75313f,0.0,0.0,0.0,0.0,0.0,0.0,0.0,0.0,0.0,0.0,0.0,0.0,0.0,0.0,0.0,0.0,0.0,1.0,0.0,0.0,0.0,0.0,0.0,0.0,0.0,0.0,0.0,0.0,0.0,0.0,7.0,550.0,4.0,1,10.0,0,0.0,0.0,0.0,0.0,0.0,0.0,0.0,0.0,0.0,0.0,0.0,0.0,0.0,0.0,0.0,0.0,0.0,0.0,0.0,0.0,0.0,0.0,0.0,0.0,0.0,0.0,0.0,0.0,0.0,0.0,0.0,0.0,0.0,0.0,0.0,0.0,587.0
69b7d5319605ebc57c75313f,69b7d5319605ebc57c75313f,0.0,0.0,0.0,0.0,0.0,0.0,0.0,0.0,0.0,0.0,0.0,0.0,0.0,0.0,0.0,0.0,0.0,1.0,0.0,0.0,0.0,0.0,0.0,0.0,0.0,0.0,0.0,0.0,0.0,0.0,7.0,550.0,4.0,1,10.0,0,0.0,0.0,0.0,0.0,0.0,0.0,0.0,0.0,0.0,0.0,0.0,0.0,0.0,0.0,0.0,0.0,0.0,0.0,0.0,0.0,0.0,0.0,0.0,0.0,0.0,0.0,0.0,0.0,0.0,0.0,0.0,0.0,0.0,0.0,0.0,0.0,587.0
69b7d5329605ebc57c753141,69b7d5329605ebc57c753141,0.0,0.0,0.0,0.0,0.0,0.0,0.0,0.0,0.0,0.0,0.0,0.0,0.0,0.0,0.0,0.0,0.1,0.9,0.0,0.0,0.0,0.0,0.0,0.0,0.0,0.0,0.0,0.0,0.0,0.0,9.0,650.0,4.0,1,10.0,1,0.1,195.0,1.1,57.0,0.0,0.0,1.0,0.0,0.0,0.0,0.0,5.5769,0.0,0.0,0.0,0.0,0.0,0.0,0.0,0.0,0.0,0.0,0.0,0.0,0.0,0.0,0.0,0.0,0.0,0.0,0.0,0.0,0.0,0.0,0.0,0.0,592.0
69b7d5329605ebc57c753143,69b7d5329605ebc57c753143,0.0,0.0,0.0,0.0,0.0,0.0,0.0,0.0,0.0,0.0,0.0,0.0,0.0,0.0,0.0,0.0,0.25,0.75,0.0,0.0,0.0,0.0,0.0,0.0,0.0,0.0,0.0,0.0,0.0,0.0,14.0,650.0,4.0,0,10.0,1,0.25,195.0,1.1,57.0,0.0,0.0,1.0,0.0,0.0,0.0,0.0,5.5769,0.0,0.0,0.0,0.0,0.0,0.0,0.0,0.0,0.0,0.0,0.0,0.0,0.0,0.0,0.0,0.0,0.0,0.0,0.0,0.0,0.0,0.0,0.0,0.0,585.0
69b7d5339605ebc57c753145,69b7d5339605ebc57c753145,0.0,0.0,0.0,0.0,0.0,0.0,0.0,0.0,0.0,0.0,0.0,0.0,0.0,0.0,0.0,0.0,0.5,0.5,0.0,0.0,0.0,0.0,0.0,0.0,0.0,0.0,0.0,0.0,0.0,0.0,18.0,650.0,4.0,0,10.0,1,0.5,195.0,1.1,57.0,0.0,0.0,1.0,0.0,0.0,0.0,0.0,5.5769,0.0,0.0,0.0,0.0,0.0,0.0,0.0,0.0,0.0,0.0,0.0,0.0,0.0,0.0,0.0,0.0,0.0,0.0,0.0,0.0,0.0,0.0,0.0,0.0,573.0
69b7d5349605ebc57c753147,69b7d5349605ebc57c753147,0.0,0.0,0.0,0.0,0.0,0.0,0.0,0.0,0.0,0.0,0.0,0.0,0.0,0.0,0.0,0.0,0.0,0.9,0.0,0.1,0.0,0.0,0.0,0.0,0.0,0.0,0.0,0.0,0.0,0.0,10.0,650.0,4.0,1,10.0,1,0.1,185.0,1.14,60.0,0.0,0.0,1.0,0.0,0.0,0.0,0.0,5.525,0.0,0.0,0.0,0.0,0.0,0.0,0.0,0.0,0.0,0.0,0.0,0.0,0.0,0.0,0.0,0.0,0.0,0.0,0.0,0.0,0.0,0.0,0.0,0.0,555.0
69b7d5349605ebc57c753149,69b7d5349605ebc57c753149,0.0,0.0,0.0,0.0,0.0,0.0,0.0,0.0,0.0,0.0,0.0,0.0,0.0,0.0,0.0,0.0,0.0,0.75,0.0,0.25,0.0,0.0,0.0,0.0,0.0,0.0,0.0,0.0,0.0,0.0,13.0,650.0,4.0,0,10.0,1,0.25,185.0,1.14,60.0,0.0,0.0,1.0,0.0,0.0,0.0,0.0,5.525,0.0,0.0,0.0,0.0,0.0,0.0,0.0,0.0,0.0,0.0,0.0,0.0,0.0,0.0,0.0,0.0,0.0,0.0,0.0,0.0,0.0,0.0,0.0,0.0,568.0
69b7d5359605ebc57c75314b,69b7d5359605ebc57c75314b,0.0,0.0,0.0,0.0,0.0,0.0,0.0,0.0,0.0,0.0,0.0,0.0,0.0,0.0,0.0,0.0,0.0,0.5,0.0,0.5,0.0,0.0,0.0,0.0,0.0,0.0,0.0,0.0,0.0,0.0,12.0,650.0,4.0,0,10.0,1,0.5,185.0,1.14,60.0,0.0,0.0,1.0,0.0,0.0,0.0,0.0,5.525,0.0,0.0,0.0,0.0,0.0,0.0,0.0,0.0,0.0,0.0,0.0,0.0,0.0,0.0,0.0,0.0,0.0,0.0,0.0,0.0,0.0,0.0,0.0,0.0,634.0
69b7d53d9605ebc57c753161,69b7d53d9605ebc57c753161,0.0,0.0,0.0,0.0,0.3,0.0,0.0,0.0,0.0,0.0,0.0,0.0,0.0,0.0,0.0,0.0,0.0,0.7,0.0,0.0,0.0,0.0,0.0,0.0,0.0,0.0,0.0,0.0,0.0,0.0,58.0,500.0,5.0,1,10.0,1,0.3,140.0,1.55,25.0,0.0,1.0,0.0,1.0,0.0,0.0,1.0,7.434038,0.0,0.0,0.0,0.0,0.0,0.0,0.0,0.0,0.0,0.0,0.0,0.0,0.0,0.0,0.0,0.0,0.0,0.0,0.0,0.0,0.0,0.0,0.0,0.0,236.0
69b7d53e9605ebc57c753163,69b7d53e9605ebc57c753163,0.0,0.0,0.0,0.0,0.3,0.0,0.0,0.0,0.0,0.0,0.0,0.0,0.0,0.0,0.0,0.0,0.0,0.7,0.0,0.0,0.0,0.0,0.0,0.0,0.0,0.0,0.0,0.0,0.0,0.0,49.0,500.0,5.0,1,10.0,1,0.3,140.0,1.55,25.0,0.0,1.0,0.0,1.0,0.0,0.0,1.0,7.434038,0.0,0.0,0.0,0.0,0.0,0.0,0.0,0.0,0.0,0.0,0.0,0.0,0.0,0.0,0.0,0.0,0.0,0.0,0.0,0.0,0.0,0.0,0.0,0.0,246.0
69b7d53e9605ebc57c753165,69b7d53e9605ebc57c753165,0.0,0.0,0.0,0.0,0.3,0.0,0.0,0.0,0.0,0.0,0.0,0.0,0.0,0.0,0.0,0.0,0.0,0.7,0.0,0.0,0.0,0.0,0.0,0.0,0.0,0.0,0.0,0.0,0.0,0.0,69.0,500.0,5.0,1,10.0,1,0.3,140.0,1.55,25.0,0.0,1.0,0.0,1.0,0.0,0.0,1.0,7.434038,0.0,0.0,0.0,0.0,0.0,0.0,0.0,0.0,0.0,0.0,0.0,0.0,0.0,0.0,0.0,0.0,0.0,0.0,0.0,0.0,0.0,0.0,0.0,0.0,223.0
69b7d5419605ebc57c75316d,69b7d5419605ebc57c75316d,0.0,0.0,0.0,0.0,0.0,0.0,0.0,0.0,0.0,0.0,0.0,0.0,0.0,0.0,0.0,0.0,0.0,1.0,0.0,0.0,0.0,0.0,0.0,0.0,0.0,0.0,0.0,0.0,0.0,0.0,100.3,350.0,2.3,1,10.0,0,0.0,0.0,0.0,0.0,0.0,0.0,0.0,0.0,0.0,0.0,0.0,0.0,0.0,0.0,0.0,0.0,0.0,0.0,0.0,0.0,0.0,0.0,0.0,0.0,0.0,0.0,0.0,0.0,0.0,0.0,0.0,0.0,0.0,0.0,0.0,0.0,504.0
69b7d5469605ebc57c75317b,69b7d5469605ebc57c75317b,0.0,0.0,0.0,0.0,0.1,0.0,0.0,0.0,0.1,0.0,0.0,0.0,0.0,0.0,0.0,0.0,0.0,0.8,0.0,0.0,0.0,0.0,0.0,0.0,0.0,0.0,0.0,0.0,0.0,0.0,84.0,550.0,4.0,1,10.0,2,0.1,135.0,1.9,29.0,0.0,1.0,0.0,0.0,0.0,0.0,0.0,7.72638,0.1,140.0,1.55,25.0,0.0,1.0,0.0,1.0,0.0,0.0,1.0,7.434038,0.0,0.0,0.0,0.0,0.0,0.0,0.0,0.0,0.0,0.0,0.0,0.0,197.0
69b7d5479605ebc57c75317d,69b7d5479605ebc57c75317d,0.0,0.0,0.0,0.0,0.0,0.0,0.0,0.0,0.0,0.0,0.0,0.0,0.0,0.0,0.0,0.0,0.0,1.0,0.0,0.0,0.0,0.0,0.0,0.0,0.0,0.0,0.0,0.0,0.0,0.0,75.0,550.0,4.0,1,10.0,0,0.0,0.0,0.0,0.0,0.0,0.0,0.0,0.0,0.0,0.0,0.0,0.0,0.0,0.0,0.0,0.0,0.0,0.0,0.0,0.0,0.0,0.0,0.0,0.0,0.0,0.0,0.0,0.0,0.0,0.0,0.0,0.0,0.0,0.0,0.0,0.0,440.0
69b7d5499605ebc57c753185,69b7d5499605ebc57c753185,0.0,0.0,0.0,0.0,0.0,0.0,0.0,0.0,0.093,0.0,0.0,0.0,0.0,0.0,0.0,0.0,0.0,0.907,0.0,0.0,0.0,0.0,0.0,0.0,0.0,0.0,0.0,0.0,0.0,0.0,106.0,400.0,2.0,1,10.0,1,0.093,135.0,1.9,29.0,0.0,1.0,0.0,0.0,0.0,0.0,0.0,7.72638,0.0,0.0,0.0,0.0,0.0,0.0,0.0,0.0,0.0,0.0,0.0,0.0,0.0,0.0,0.0,0.0,0.0,0.0,0.0,0.0,0.0,0.0,0.0,0.0,199.0
69b7d54a9605ebc57c753187,69b7d54a9605ebc57c753187,0.0,0.0,0.0,0.0,0.0,0.0,0.098,0.0,0.0,0.0,0.0,0.0,0.0,0.0,0.0,0.0,0.0,0.902,0.0,0.0,0.0,0.0,0.0,0.0,0.0,0.0,0.0,0.0,0.0,0.0,127.0,400.0,2.0,1,10.0,1,0.098,135.0,1.88,27.0,0.0,1.0,1.0,0.0,0.0,0.0,0.0,7.88101,0.0,0.0,0.0,0.0,0.0,0.0,0.0,0.0,0.0,0.0,0.0,0.0,0.0,0.0,0.0,0.0,0.0,0.0,0.0,0.0,0.0,0.0,0.0,0.0,256.0
69b7d54a9605ebc57c753189,69b7d54a9605ebc57c753189,0.0,0.0,0.0,0.0,0.0,0.0,0.0,0.075,0.0,0.0,0.0,0.0,0.0,0.0,0.0,0.0,0.0,0.925,0.0,0.0,0.0,0.0,0.0,0.0,0.0,0.0,0.0,0.0,0.0,0.0,126.0,400.0,2.0,1,10.0,1,0.075,135.0,1.91,28.0,0.0,1.0,0.0,0.0,0.0,0.0,0.0,7.639878,0.0,0.0,0.0,0.0,0.0,0.0,0.0,0.0,0.0,0.0,0.0,0.0,0.0,0.0,0.0,0.0,0.0,0.0,0.0,0.0,0.0,0.0,0.0,0.0,284.0
69b7d54b9605ebc57c75318b,69b7d54b9605ebc57c75318b,0.0,0.0,0.0,0.0,0.102,0.0,0.0,0.0,0.0,0.0,0.0,0.0,0.0,0.0,0.0,0.0,0.0,0.898,0.0,0.0,0.0,0.0,0.0,0.0,0.0,0.0,0.0,0.0,0.0,0.0,144.0,400.0,2.0,1,10.0,1,0.102,140.0,1.55,25.0,0.0,1.0,0.0,1.0,0.0,0.0,1.0,7.434038,0.0,0.0,0.0,0.0,0.0,0.0,0.0,0.0,0.0,0.0,0.0,0.0,0.0,0.0,0.0,0.0,0.0,0.0,0.0,0.0,0.0,0.0,0.0,0.0,267.0
69b7d54e9605ebc57c753195,69b7d54e9605ebc57c753195,0.0,0.0,0.0,0.0,0.0,0.0,0.02,0.0,0.0,0.0,0.0,0.0,0.0,0.0,0.0,0.0,0.0,0.98,0.0,0.0,0.0,0.0,0.0,0.0,0.0,0.0,0.0,0.0,0.0,0.0,185.0,300.0,2.0,1,10.0,1,0.02,135.0,1.88,27.0,0.0,1.0,1.0,0.0,0.0,0.0,0.0,7.88101,0.0,0.0,0.0,0.0,0.0,0.0,0.0,0.0,0.0,0.0,0.0,0.0,0.0,0.0,0.0,0.0,0.0,0.0,0.0,0.0,0.0,0.0,0.0,0.0,317.0
69b7d54f9605ebc57c753197,69b7d54f9605ebc57c753197,0.0,0.0,0.0,0.0,0.0,0.0,0.0,0.02,0.0,0.0,0.0,0.0,0.0,0.0,0.0,0.0,0.0,0.98,0.0,0.0,0.0,0.0,0.0,0.0,0.0,0.0,0.0,0.0,0.0,0.0,180.0,300.0,2.0,1,10.0,1,0.02,135.0,1.91,28.0,0.0,1.0,0.0,0.0,0.0,0.0,0.0,7.639878,0.0,0.0,0.0,0.0,0.0,0.0,0.0,0.0,0.0,0.0,0.0,0.0,0.0,0.0,0.0,0.0,0.0,0.0,0.0,0.0,0.0,0.0,0.0,0.0,301.0
69b7d5509605ebc57c753199,69b7d5509605ebc57c753199,0.0,0.0,0.0,0.0,0.0,0.0,0.03,0.02,0.0,0.0,0.0,0.0,0.0,0.0,0.0,0.0,0.0,0.95,0.0,0.0,0.0,0.0,0.0,0.0,0.0,0.0,0.0,0.0,0.0,0.0,190.0,300.0,2.0,1,10.0,2,0.03,135.0,1.88,27.0,0.0,1.0,1.0,0.0,0.0,0.0,0.0,7.88101,0.02,135.0,1.91,28.0,0.0,1.0,0.0,0.0,0.0,0.0,0.0,7.639878,0.0,0.0,0.0,0.0,0.0,0.0,0.0,0.0,0.0,0.0,0.0,0.0,280.0
69b7d5509605ebc57c75319b,69b7d5509605ebc57c75319b,0.0,0.0,0.0,0.0,0.0,0.0,0.0,0.0,0.0,0.0,0.0,0.0,0.0,0.0,0.0,0.0,0.0,1.0,0.0,0.0,0.0,0.0,0.0,0.0,0.0,0.0,0.0,0.0,0.0,0.0,187.0,300.0,2.0,1,10.0,0,0.0,0.0,0.0,0.0,0.0,0.0,0.0,0.0,0.0,0.0,0.0,0.0,0.0,0.0,0.0,0.0,0.0,0.0,0.0,0.0,0.0,0.0,0.0,0.0,0.0,0.0,0.0,0.0,0.0,0.0,0.0,0.0,0.0,0.0,0.0,0.0,451.0
69b7d5519605ebc57c75319d,69b7d5519605ebc57c75319d,0.0,0.0,0.0,0.0,0.0,0.0,0.0,0.0,0.2,0.0,0.0,0.0,0.0,0.0,0.0,0.0,0.0,0.8,0.0,0.0,0.0,0.0,0.0,0.0,0.0,0.0,0.0,0.0,0.0,0.0,135.1,350.0,3.0,1,10.0,1,0.2,135.0,1.9,29.0,0.0,1.0,0.0,0.0,0.0,0.0,0.0,7.72638,0.0,0.0,0.0,0.0,0.0,0.0,0.0,0.0,0.0,0.0,0.0,0.0,0.0,0.0,0.0,0.0,0.0,0.0,0.0,0.0,0.0,0.0,0.0,0.0,200.0
69b7d5529605ebc57c75319f,69b7d5529605ebc57c75319f,0.0,0.0,0.0,0.0,0.0,0.0,0.0,0.015748031496062995,0.1968503937007874,0.0,0.0,0.0,0.0,0.0,0.0,0.0,0.0,0.7874015748031497,0.0,0.0,0.0,0.0,0.0,0.0,0.0,0.0,0.0,0.0,0.0,0.0,142.2,350.0,3.0,1,10.0,2,0.1968503937007874,135.0,1.9,29.0,0.0,1.0,0.0,0.0,0.0,0.0,0.0,7.72638,0.015748031496062995,135.0,1.91,28.0,0.0,1.0,0.0,0.0,0.0,0.0,0.0,7.639878,0.0,0.0,0.0,0.0,0.0,0.0,0.0,0.0,0.0,0.0,0.0,0.0,185.0
69b7d5529605ebc57c7531a1,69b7d5529605ebc57c7531a1,0.0,0.0,0.0,0.0,0.0,0.0,0.0,0.16666666666666666,0.16666666666666666,0.0,0.0,0.0,0.0,0.0,0.0,0.0,0.0,0.6666666666666666,0.0,0.0,0.0,0.0,0.0,0.0,0.0,0.0,0.0,0.0,0.0,0.0,125.5,350.0,3.0,1,10.0,2,0.16666666666666666,135.0,1.9,29.0,0.0,1.0,0.0,0.0,0.0,0.0,0.0,7.72638,0.16666666666666666,135.0,1.91,28.0,0.0,1.0,0.0,0.0,0.0,0.0,0.0,7.639878,0.0,0.0,0.0,0.0,0.0,0.0,0.0,0.0,0.0,0.0,0.0,0.0,203.0
69b7d5629605ebc57c7531d3,69b7d5629605ebc57c7531d3,0.0,0.0,0.0,0.0,0.1,0.0,0.0,0.0,0.0,0.0,0.0,0.0,0.0,0.0,0.0,0.0,0.0,0.9,0.0,0.0,0.0,0.0,0.0,0.0,0.0,0.0,0.0,0.0,0.0,0.0,5.6,500.0,0.5,1,10.0,1,0.1,140.0,1.55,25.0,0.0,1.0,0.0,1.0,0.0,0.0,1.0,7.434038,0.0,0.0,0.0,0.0,0.0,0.0,0.0,0.0,0.0,0.0,0.0,0.0,0.0,0.0,0.0,0.0,0.0,0.0,0.0,0.0,0.0,0.0,0.0,0.0,400.0
69b96125f753f624649ce443,69b96125f753f624649ce443,0.0,0.0,0.0,0.0,0.3,0.0,0.0,0.0,0.0,0.0,0.0,0.0,0.0,0.0,0.0,0.0,0.0,0.7,0.0,0.0,0.0,0.0,0.0,0.0,0.0,0.0,0.0,0.0,0.0,0.0,58.0,500.0,5.0,1,5.0,1,0.3,140.0,1.55,25.0,0.0,1.0,0.0,1.0,0.0,0.0,1.0,7.434038,0.0,0.0,0.0,0.0,0.0,0.0,0.0,0.0,0.0,0.0,0.0,0.0,0.0,0.0,0.0,0.0,0.0,0.0,0.0,0.0,0.0,0.0,0.0,0.0,241.0
69b96126f753f624649ce445,69b96126f753f624649ce445,0.0,0.0,0.0,0.0,0.15,0.15,0.0,0.0,0.0,0.0,0.0,0.0,0.0,0.0,0.0,0.0,0.0,0.7,0.0,0.0,0.0,0.0,0.0,0.0,0.0,0.0,0.0,0.0,0.0,0.0,76.0,500.0,5.0,1,5.0,2,0.15,140.0,1.83,26.0,0.0,1.0,1.0,0.0,0.0,0.0,0.0,7.9024681,0.15,140.0,1.55,25.0,0.0,1.0,0.0,1.0,0.0,0.0,1.0,7.434038,0.0,0.0,0.0,0.0,0.0,0.0,0.0,0.0,0.0,0.0,0.0,0.0,202.0
69b96129f753f624649ce44f,69b96129f753f624649ce44f,0.0,0.0,0.0,0.0,0.0,0.0,0.0,0.0,0.01,0.0,0.0,0.0,0.0,0.0,0.0,0.0,0.0,0.99,0.0,0.0,0.0,0.0,0.0,0.0,0.0,0.0,0.0,0.0,0.0,0.0,94.0,500.0,1.0,1,10.0,1,0.01,135.0,1.9,29.0,0.0,1.0,0.0,0.0,0.0,0.0,0.0,7.72638,0.0,0.0,0.0,0.0,0.0,0.0,0.0,0.0,0.0,0.0,0.0,0.0,0.0,0.0,0.0,0.0,0.0,0.0,0.0,0.0,0.0,0.0,0.0,0.0,263.0
69b9612af753f624649ce451,69b9612af753f624649ce451,0.0,0.0,0.0,0.0,0.01,0.0,0.0,0.0,0.0,0.0,0.0,0.0,0.0,0.0,0.0,0.0,0.0,0.99,0.0,0.0,0.0,0.0,0.0,0.0,0.0,0.0,0.0,0.0,0.0,0.0,98.0,500.0,1.0,1,10.0,1,0.01,140.0,1.55,25.0,0.0,1.0,0.0,1.0,0.0,0.0,1.0,7.434038,0.0,0.0,0.0,0.0,0.0,0.0,0.0,0.0,0.0,0.0,0.0,0.0,0.0,0.0,0.0,0.0,0.0,0.0,0.0,0.0,0.0,0.0,0.0,0.0,403.0
69b9612bf753f624649ce455,69b9612bf753f624649ce455,0.0,0.0,0.0,0.0,0.0,0.0,0.01,0.0,0.0,0.0,0.0,0.0,0.0,0.0,0.0,0.0,0.0,0.99,0.0,0.0,0.0,0.0,0.0,0.0,0.0,0.0,0.0,0.0,0.0,0.0,98.0,500.0,1.0,1,10.0,1,0.01,135.0,1.88,27.0,0.0,1.0,1.0,0.0,0.0,0.0,0.0,7.88101,0.0,0.0,0.0,0.0,0.0,0.0,0.0,0.0,0.0,0.0,0.0,0.0,0.0,0.0,0.0,0.0,0.0,0.0,0.0,0.0,0.0,0.0,0.0,0.0,362.0
69b96144f753f624649ce49b,69b96144f753f624649ce49b,0.0,0.0,0.0,0.0,0.0,0.0,0.0,0.0,0.0,0.0,0.0,0.0,0.0,0.0,0.0,0.0,0.0,0.9,0.0,0.1,0.0,0.0,0.0,0.0,0.0,0.0,0.0,0.0,0.0,0.0,44.0,300.0,1.0,1,10.0,1,0.1,185.0,1.14,60.0,0.0,0.0,1.0,0.0,0.0,0.0,0.0,5.525,0.0,0.0,0.0,0.0,0.0,0.0,0.0,0.0,0.0,0.0,0.0,0.0,0.0,0.0,0.0,0.0,0.0,0.0,0.0,0.0,0.0,0.0,0.0,0.0,400.0
69b9614af753f624649ce4ad,69b9614af753f624649ce4ad,0.0,0.0,0.0,0.0,0.0,0.0,0.0,0.0,0.0,0.0,0.0,0.0,0.0,0.2,0.0,0.0,0.0,0.8,0.0,0.0,0.0,0.0,0.0,0.0,0.0,0.0,0.0,0.0,0.0,0.0,239.0,400.0,4.0,1,10.0,1,0.2,155.0,1.33,40.0,0.0,0.0,0.0,1.0,0.0,0.0,0.0,6.634126,0.0,0.0,0.0,0.0,0.0,0.0,0.0,0.0,0.0,0.0,0.0,0.0,0.0,0.0,0.0,0.0,0.0,0.0,0.0,0.0,0.0,0.0,0.0,0.0,450.0
69c148c9a3603e6d7d9ad766,69c148c9a3603e6d7d9ad766,0.0,0.0,0.0,0.0,0.0,0.0,0.0,0.0,0.0,0.0,0.0,0.0,0.0,0.2,0.0,0.0,0.0,0.8,0.0,0.0,0.0,0.0,0.0,0.0,0.0,0.0,0.0,0.0,0.0,0.0,109.0,500.0,1.0,1,10.0,1,0.2,155.0,1.33,40.0,0.0,0.0,0.0,1.0,0.0,0.0,0.0,6.634126,0.0,0.0,0.0,0.0,0.0,0.0,0.0,0.0,0.0,0.0,0.0,0.0,0.0,0.0,0.0,0.0,0.0,0.0,0.0,0.0,0.0,0.0,0.0,0.0,475.0
69c148cda3603e6d7d9ad770,69c148cda3603e6d7d9ad770,0.0,0.0,0.0,0.0,0.0,0.0,0.0,0.0,0.0,0.0,0.0,0.0,0.0,0.0,0.0,0.0,0.0,1.0,0.0,0.0,0.0,0.0,0.0,0.0,0.0,0.0,0.0,0.0,0.0,0.0,21.0,600.0,0.33,1,5.0,0,0.0,0.0,0.0,0.0,0.0,0.0,0.0,0.0,0.0,0.0,0.0,0.0,0.0,0.0,0.0,0.0,0.0,0.0,0.0,0.0,0.0,0.0,0.0,0.0,0.0,0.0,0.0,0.0,0.0,0.0,0.0,0.0,0.0,0.0,0.0,0.0,471.0
69c148cda3603e6d7d9ad772,69c148cda3603e6d7d9ad772,0.0,0.0,0.0,0.0,0.0,0.0,0.0,0.0,0.05,0.0,0.0,0.0,0.0,0.0,0.0,0.0,0.0,0.95,0.0,0.0,0.0,0.0,0.0,0.0,0.0,0.0,0.0,0.0,0.0,0.0,25.0,600.0,0.33,1,5.0,1,0.05,135.0,1.9,29.0,0.0,1.0,0.0,0.0,0.0,0.0,0.0,7.72638,0.0,0.0,0.0,0.0,0.0,0.0,0.0,0.0,0.0,0.0,0.0,0.0,0.0,0.0,0.0,0.0,0.0,0.0,0.0,0.0,0.0,0.0,0.0,0.0,221.0
69c148cea3603e6d7d9ad774,69c148cea3603e6d7d9ad774,0.0,0.0,0.0,0.0,0.0,0.0,0.0,0.0,0.15,0.0,0.0,0.0,0.0,0.0,0.0,0.0,0.0,0.85,0.0,0.0,0.0,0.0,0.0,0.0,0.0,0.0,0.0,0.0,0.0,0.0,24.0,600.0,0.33,1,5.0,1,0.15,135.0,1.9,29.0,0.0,1.0,0.0,0.0,0.0,0.0,0.0,7.72638,0.0,0.0,0.0,0.0,0.0,0.0,0.0,0.0,0.0,0.0,0.0,0.0,0.0,0.0,0.0,0.0,0.0,0.0,0.0,0.0,0.0,0.0,0.0,0.0,186.0
69c148cfa3603e6d7d9ad776,69c148cfa3603e6d7d9ad776,0.0,0.0,0.0,0.0,0.0,0.0,0.0,0.0,0.4,0.0,0.0,0.0,0.0,0.0,0.0,0.0,0.0,0.6,0.0,0.0,0.0,0.0,0.0,0.0,0.0,0.0,0.0,0.0,0.0,0.0,31.0,600.0,0.33,0,5.0,1,0.4,135.0,1.9,29.0,0.0,1.0,0.0,0.0,0.0,0.0,0.0,7.72638,0.0,0.0,0.0,0.0,0.0,0.0,0.0,0.0,0.0,0.0,0.0,0.0,0.0,0.0,0.0,0.0,0.0,0.0,0.0,0.0,0.0,0.0,0.0,0.0,179.0
69cd300b29cce59b64a1774c,69cd300b29cce59b64a1774c,0.0,0.0,0.0,0.0,0.0,0.0,0.0,0.0,0.0,0.0,0.0,0.0,0.0,0.0,0.0,0.0,0.0,0.96,0.0,0.0,0.04,0.0,0.0,0.0,0.0,0.0,0.0,0.0,0.0,0.0,112.6,500.0,2.0,1,10.0,1,0.04,185.0,1.17,62.0,0.0,0.0,1.0,0.0,0.0,0.0,0.0,5.643722,0.0,0.0,0.0,0.0,0.0,0.0,0.0,0.0,0.0,0.0,0.0,0.0,0.0,0.0,0.0,0.0,0.0,0.0,0.0,0.0,0.0,0.0,0.0,0.0,503.0
69cd300b29cce59b64a1774f,69cd300b29cce59b64a1774f,0.0,0.0,0.0,0.0,0.0,0.0,0.0,0.0,0.0,0.0,0.0,0.0,0.0,0.0,0.0,0.0,0.04,0.96,0.0,0.0,0.0,0.0,0.0,0.0,0.0,0.0,0.0,0.0,0.0,0.0,104.6,500.0,2.0,1,10.0,1,0.04,195.0,1.1,57.0,0.0,0.0,1.0,0.0,0.0,0.0,0.0,5.5769,0.0,0.0,0.0,0.0,0.0,0.0,0.0,0.0,0.0,0.0,0.0,0.0,0.0,0.0,0.0,0.0,0.0,0.0,0.0,0.0,0.0,0.0,0.0,0.0,508.0
69cd300c29cce59b64a17752,69cd300c29cce59b64a17752,0.0,0.0,0.0,0.0,0.0,0.0,0.0,0.0,0.0,0.0,0.0,0.0,0.0,0.0,0.0,0.0,0.0,1.0,0.0,0.0,0.0,0.0,0.0,0.0,0.0,0.0,0.0,0.0,0.0,0.0,96.0,500.0,2.0,1,10.0,0,0.0,0.0,0.0,0.0,0.0,0.0,0.0,0.0,0.0,0.0,0.0,0.0,0.0,0.0,0.0,0.0,0.0,0.0,0.0,0.0,0.0,0.0,0.0,0.0,0.0,0.0,0.0,0.0,0.0,0.0,0.0,0.0,0.0,0.0,0.0,0.0,502.0
69cd301529cce59b64a17775,69cd301529cce59b64a17775,0.0,0.0,0.0,0.0,0.0,0.0,0.0,0.0,0.0,0.0,0.0,0.0,0.0,0.5,0.0,0.0,0.0,0.5,0.0,0.0,0.0,0.0,0.0,0.0,0.0,0.0,0.0,0.0,0.0,0.0,61.4,500.0,4.0,1,10.0,1,0.5,155.0,1.33,40.0,0.0,0.0,0.0,1.0,0.0,0.0,0.0,6.634126,0.0,0.0,0.0,0.0,0.0,0.0,0.0,0.0,0.0,0.0,0.0,0.0,0.0,0.0,0.0,0.0,0.0,0.0,0.0,0.0,0.0,0.0,0.0,0.0,488.0
69cd301629cce59b64a1777a,69cd301629cce59b64a1777a,0.0,0.0,0.0,0.0,0.0,0.0,0.0,0.0,0.0,0.0,0.0,0.0,0.0,0.5,0.0,0.0,0.0,0.5,0.0,0.0,0.0,0.0,0.0,0.0,0.0,0.0,0.0,0.0,0.0,0.0,136.0,500.0,4.0,1,10.0,1,0.5,155.0,1.33,40.0,0.0,0.0,0.0,1.0,0.0,0.0,0.0,6.634126,0.0,0.0,0.0,0.0,0.0,0.0,0.0,0.0,0.0,0.0,0.0,0.0,0.0,0.0,0.0,0.0,0.0,0.0,0.0,0.0,0.0,0.0,0.0,0.0,492.0
69cd301729cce59b64a1777f,69cd301729cce59b64a1777f,0.0,0.0,0.0,0.0,0.0,0.0,0.0,0.0,0.0,0.0,0.0,0.0,0.0,0.5,0.0,0.0,0.0,0.5,0.0,0.0,0.0,0.0,0.0,0.0,0.0,0.0,0.0,0.0,0.0,0.0,126.0,500.0,4.0,1,10.0,1,0.5,155.0,1.33,40.0,0.0,0.0,0.0,1.0,0.0,0.0,0.0,6.634126,0.0,0.0,0.0,0.0,0.0,0.0,0.0,0.0,0.0,0.0,0.0,0.0,0.0,0.0,0.0,0.0,0.0,0.0,0.0,0.0,0.0,0.0,0.0,0.0,525.0
69cd302b29cce59b64a177c6,69cd302b29cce59b64a177c6,0.0,0.0,0.0,0.0,0.0,0.0,0.0,0.0,0.0,0.0,0.0,0.0,0.0,0.0,0.0,0.1,0.0,0.9,0.0,0.0,0.0,0.0,0.0,0.0,0.0,0.0,0.0,0.0,0.0,0.0,145.0,500.0,4.0,1,5.0,1,0.1,145.0,1.96,50.0,0.0,1.0,0.0,1.0,0.0,0.0,0.0,7.343918,0.0,0.0,0.0,0.0,0.0,0.0,0.0,0.0,0.0,0.0,0.0,0.0,0.0,0.0,0.0,0.0,0.0,0.0,0.0,0.0,0.0,0.0,0.0,0.0,360.0
69cd302c29cce59b64a177c9,69cd302c29cce59b64a177c9,0.0,0.0,0.0,0.0,0.0,0.0,0.0,0.0,0.0,0.0,0.0,0.0,0.0,0.1,0.0,0.0,0.0,0.9,0.0,0.0,0.0,0.0,0.0,0.0,0.0,0.0,0.0,0.0,0.0,0.0,126.0,500.0,4.0,1,5.0,1,0.1,155.0,1.33,40.0,0.0,0.0,0.0,1.0,0.0,0.0,0.0,6.634126,0.0,0.0,0.0,0.0,0.0,0.0,0.0,0.0,0.0,0.0,0.0,0.0,0.0,0.0,0.0,0.0,0.0,0.0,0.0,0.0,0.0,0.0,0.0,0.0,468.0
69cd302d29cce59b64a177cc,69cd302d29cce59b64a177cc,0.0,0.0,0.0,0.0,0.1,0.0,0.0,0.0,0.0,0.0,0.0,0.0,0.0,0.0,0.0,0.0,0.0,0.9,0.0,0.0,0.0,0.0,0.0,0.0,0.0,0.0,0.0,0.0,0.0,0.0,149.0,500.0,4.0,1,5.0,1,0.1,140.0,1.55,25.0,0.0,1.0,0.0,1.0,0.0,0.0,1.0,7.434038,0.0,0.0,0.0,0.0,0.0,0.0,0.0,0.0,0.0,0.0,0.0,0.0,0.0,0.0,0.0,0.0,0.0,0.0,0.0,0.0,0.0,0.0,0.0,0.0,304.0
69cd302d29cce59b64a177cf,69cd302d29cce59b64a177cf,0.0,0.0,0.0,0.0,0.0,0.0,0.0,0.05,0.0,0.0,0.0,0.0,0.0,0.0,0.0,0.0,0.0,0.95,0.0,0.0,0.0,0.0,0.0,0.0,0.0,0.0,0.0,0.0,0.0,0.0,153.0,500.0,4.0,1,5.0,1,0.05,135.0,1.91,28.0,0.0,1.0,0.0,0.0,0.0,0.0,0.0,7.639878,0.0,0.0,0.0,0.0,0.0,0.0,0.0,0.0,0.0,0.0,0.0,0.0,0.0,0.0,0.0,0.0,0.0,0.0,0.0,0.0,0.0,0.0,0.0,0.0,316.0
69cd302e29cce59b64a177d2,69cd302e29cce59b64a177d2,0.0,0.0,0.0,0.0,0.0,0.0,0.0,0.1,0.0,0.0,0.0,0.0,0.0,0.0,0.0,0.0,0.0,0.9,0.0,0.0,0.0,0.0,0.0,0.0,0.0,0.0,0.0,0.0,0.0,0.0,134.0,500.0,4.0,1,5.0,1,0.1,135.0,1.91,28.0,0.0,1.0,0.0,0.0,0.0,0.0,0.0,7.639878,0.0,0.0,0.0,0.0,0.0,0.0,0.0,0.0,0.0,0.0,0.0,0.0,0.0,0.0,0.0,0.0,0.0,0.0,0.0,0.0,0.0,0.0,0.0,0.0,286.0
69cd303129cce59b64a177de,69cd303129cce59b64a177de,0.0,0.0,0.0,0.0,0.0,0.0,0.0,0.0,0.0,0.0,0.0,0.0,0.0,0.0,0.0,0.0,0.2,0.8,0.0,0.0,0.0,0.0,0.0,0.0,0.0,0.0,0.0,0.0,0.0,0.0,66.0,500.0,5.0,1,10.0,1,0.2,195.0,1.1,57.0,0.0,0.0,1.0,0.0,0.0,0.0,0.0,5.5769,0.0,0.0,0.0,0.0,0.0,0.0,0.0,0.0,0.0,0.0,0.0,0.0,0.0,0.0,0.0,0.0,0.0,0.0,0.0,0.0,0.0,0.0,0.0,0.0,525.0
69cd303229cce59b64a177e1,69cd303229cce59b64a177e1,0.0,0.0,0.0,0.0,0.0,0.0,0.0,0.0,0.0,0.0,0.0,0.0,0.0,0.0,0.0,0.0,0.5,0.5,0.0,0.0,0.0,0.0,0.0,0.0,0.0,0.0,0.0,0.0,0.0,0.0,84.0,500.0,5.0,1,10.0,1,0.5,195.0,1.1,57.0,0.0,0.0,1.0,0.0,0.0,0.0,0.0,5.5769,0.0,0.0,0.0,0.0,0.0,0.0,0.0,0.0,0.0,0.0,0.0,0.0,0.0,0.0,0.0,0.0,0.0,0.0,0.0,0.0,0.0,0.0,0.0,0.0,553.0
69cd303629cce59b64a177ee,69cd303629cce59b64a177ee,0.0,0.0,0.0,0.0,0.0,0.0,0.0,0.0,0.0,0.0,0.0,0.0,0.0,0.0,0.0,0.0,0.05,0.95,0.0,0.0,0.0,0.0,0.0,0.0,0.0,0.0,0.0,0.0,0.0,0.0,49.0,600.0,5.0,1,10.0,1,0.05,195.0,1.1,57.0,0.0,0.0,1.0,0.0,0.0,0.0,0.0,5.5769,0.0,0.0,0.0,0.0,0.0,0.0,0.0,0.0,0.0,0.0,0.0,0.0,0.0,0.0,0.0,0.0,0.0,0.0,0.0,0.0,0.0,0.0,0.0,0.0,524.0
69cd303729cce59b64a177f3,69cd303729cce59b64a177f3,0.0,0.0,0.0,0.0,0.0,0.0,0.0,0.0,0.0,0.0,0.0,0.0,0.0,0.0,0.0,0.0,0.05,0.95,0.0,0.0,0.0,0.0,0.0,0.0,0.0,0.0,0.0,0.0,0.0,0.0,12.0,750.0,5.0,1,10.0,1,0.05,195.0,1.1,57.0,0.0,0.0,1.0,0.0,0.0,0.0,0.0,5.5769,0.0,0.0,0.0,0.0,0.0,0.0,0.0,0.0,0.0,0.0,0.0,0.0,0.0,0.0,0.0,0.0,0.0,0.0,0.0,0.0,0.0,0.0,0.0,0.0,605.0
69cd303829cce59b64a177f8,69cd303829cce59b64a177f8,0.0,0.0,0.0,0.0,0.0,0.0,0.0,0.0,0.0,0.0,0.0,0.0,0.0,0.0,0.0,0.0,0.05,0.95,0.0,0.0,0.0,0.0,0.0,0.0,0.0,0.0,0.0,0.0,0.0,0.0,8.57,900.0,5.0,1,10.0,1,0.05,195.0,1.1,57.0,0.0,0.0,1.0,0.0,0.0,0.0,0.0,5.5769,0.0,0.0,0.0,0.0,0.0,0.0,0.0,0.0,0.0,0.0,0.0,0.0,0.0,0.0,0.0,0.0,0.0,0.0,0.0,0.0,0.0,0.0,0.0,0.0,608.0
69cd303929cce59b64a177fd,69cd303929cce59b64a177fd,0.0,0.0,0.0,0.0,0.0,0.0,0.0,0.0,0.0,0.0,0.0,0.0,0.0,0.0,0.0,0.0,0.0,0.95,0.05,0.0,0.0,0.0,0.0,0.0,0.0,0.0,0.0,0.0,0.0,0.0,49.6,600.0,5.0,1,10.0,1,0.05,185.0,1.13,59.0,0.0,0.0,1.0,0.0,0.0,0.0,0.0,5.4702,0.0,0.0,0.0,0.0,0.0,0.0,0.0,0.0,0.0,0.0,0.0,0.0,0.0,0.0,0.0,0.0,0.0,0.0,0.0,0.0,0.0,0.0,0.0,0.0,452.0
69cd303a29cce59b64a17802,69cd303a29cce59b64a17802,0.0,0.0,0.0,0.0,0.0,0.0,0.0,0.0,0.0,0.0,0.0,0.0,0.0,0.0,0.0,0.0,0.0,0.95,0.05,0.0,0.0,0.0,0.0,0.0,0.0,0.0,0.0,0.0,0.0,0.0,10.9,750.0,5.0,1,10.0,1,0.05,185.0,1.13,59.0,0.0,0.0,1.0,0.0,0.0,0.0,0.0,5.4702,0.0,0.0,0.0,0.0,0.0,0.0,0.0,0.0,0.0,0.0,0.0,0.0,0.0,0.0,0.0,0.0,0.0,0.0,0.0,0.0,0.0,0.0,0.0,0.0,426.0
69cd303b29cce59b64a17807,69cd303b29cce59b64a17807,0.0,0.0,0.0,0.0,0.0,0.0,0.0,0.0,0.0,0.0,0.0,0.0,0.0,0.0,0.0,0.0,0.0,0.95,0.05,0.0,0.0,0.0,0.0,0.0,0.0,0.0,0.0,0.0,0.0,0.0,5.51,900.0,5.0,1,10.0,1,0.05,185.0,1.13,59.0,0.0,0.0,1.0,0.0,0.0,0.0,0.0,5.4702,0.0,0.0,0.0,0.0,0.0,0.0,0.0,0.0,0.0,0.0,0.0,0.0,0.0,0.0,0.0,0.0,0.0,0.0,0.0,0.0,0.0,0.0,0.0,0.0,493.0
69cd303c29cce59b64a1780c,69cd303c29cce59b64a1780c,0.0,0.0,0.0,0.0,0.0,0.0,0.0,0.0,0.0,0.0,0.0,0.0,0.0,0.05,0.0,0.0,0.0,0.95,0.0,0.0,0.0,0.0,0.0,0.0,0.0,0.0,0.0,0.0,0.0,0.0,44.1,600.0,5.0,1,10.0,1,0.05,155.0,1.33,40.0,0.0,0.0,0.0,1.0,0.0,0.0,0.0,6.634126,0.0,0.0,0.0,0.0,0.0,0.0,0.0,0.0,0.0,0.0,0.0,0.0,0.0,0.0,0.0,0.0,0.0,0.0,0.0,0.0,0.0,0.0,0.0,0.0,492.0
69cd303d29cce59b64a17811,69cd303d29cce59b64a17811,0.0,0.0,0.0,0.0,0.0,0.0,0.0,0.0,0.0,0.0,0.0,0.0,0.0,0.05,0.0,0.0,0.0,0.95,0.0,0.0,0.0,0.0,0.0,0.0,0.0,0.0,0.0,0.0,0.0,0.0,14.8,750.0,5.0,1,10.0,1,0.05,155.0,1.33,40.0,0.0,0.0,0.0,1.0,0.0,0.0,0.0,6.634126,0.0,0.0,0.0,0.0,0.0,0.0,0.0,0.0,0.0,0.0,0.0,0.0,0.0,0.0,0.0,0.0,0.0,0.0,0.0,0.0,0.0,0.0,0.0,0.0,511.0
69cd303e29cce59b64a17816,69cd303e29cce59b64a17816,0.0,0.0,0.0,0.0,0.0,0.0,0.0,0.0,0.0,0.0,0.0,0.0,0.0,0.05,0.0,0.0,0.0,0.95,0.0,0.0,0.0,0.0,0.0,0.0,0.0,0.0,0.0,0.0,0.0,0.0,10.6,900.0,5.0,1,10.0,1,0.05,155.0,1.33,40.0,0.0,0.0,0.0,1.0,0.0,0.0,0.0,6.634126,0.0,0.0,0.0,0.0,0.0,0.0,0.0,0.0,0.0,0.0,0.0,0.0,0.0,0.0,0.0,0.0,0.0,0.0,0.0,0.0,0.0,0.0,0.0,0.0,533.0
69cd303f29cce59b64a1781b,69cd303f29cce59b64a1781b,0.0,0.0,0.0,0.0,0.0,0.0,0.0,0.0,0.0,0.0,0.0,0.0,0.0,0.0,0.0,0.0,0.0,1.0,0.0,0.0,0.0,0.0,0.0,0.0,0.0,0.0,0.0,0.0,0.0,0.0,53.8,600.0,5.0,1,10.0,0,0.0,0.0,0.0,0.0,0.0,0.0,0.0,0.0,0.0,0.0,0.0,0.0,0.0,0.0,0.0,0.0,0.0,0.0,0.0,0.0,0.0,0.0,0.0,0.0,0.0,0.0,0.0,0.0,0.0,0.0,0.0,0.0,0.0,0.0,0.0,0.0,480.0
69cd304029cce59b64a17820,69cd304029cce59b64a17820,0.0,0.0,0.0,0.0,0.0,0.0,0.0,0.0,0.0,0.0,0.0,0.0,0.0,0.0,0.0,0.0,0.0,1.0,0.0,0.0,0.0,0.0,0.0,0.0,0.0,0.0,0.0,0.0,0.0,0.0,8.01,750.0,5.0,1,10.0,0,0.0,0.0,0.0,0.0,0.0,0.0,0.0,0.0,0.0,0.0,0.0,0.0,0.0,0.0,0.0,0.0,0.0,0.0,0.0,0.0,0.0,0.0,0.0,0.0,0.0,0.0,0.0,0.0,0.0,0.0,0.0,0.0,0.0,0.0,0.0,0.0,484.0
69cd304129cce59b64a17825,69cd304129cce59b64a17825,0.0,0.0,0.0,0.0,0.0,0.0,0.0,0.0,0.0,0.0,0.0,0.0,0.0,0.0,0.0,0.0,0.0,1.0,0.0,0.0,0.0,0.0,0.0,0.0,0.0,0.0,0.0,0.0,0.0,0.0,10.6,900.0,5.0,1,10.0,0,0.0,0.0,0.0,0.0,0.0,0.0,0.0,0.0,0.0,0.0,0.0,0.0,0.0,0.0,0.0,0.0,0.0,0.0,0.0,0.0,0.0,0.0,0.0,0.0,0.0,0.0,0.0,0.0,0.0,0.0,0.0,0.0,0.0,0.0,0.0,0.0,488.0
69cd304229cce59b64a1782a,69cd304229cce59b64a1782a,0.0,0.0,0.0,0.0,0.0,0.0,0.0,0.0,0.0,0.0,0.0,0.0,0.0,0.0,0.0,0.0,0.1,0.9,0.0,0.0,0.0,0.0,0.0,0.0,0.0,0.0,0.0,0.0,0.0,0.0,27.0,850.0,2.0,1,5.0,1,0.1,195.0,1.1,57.0,0.0,0.0,1.0,0.0,0.0,0.0,0.0,5.5769,0.0,0.0,0.0,0.0,0.0,0.0,0.0,0.0,0.0,0.0,0.0,0.0,0.0,0.0,0.0,0.0,0.0,0.0,0.0,0.0,0.0,0.0,0.0,0.0,393.0
69cd304329cce59b64a1782f,69cd304329cce59b64a1782f,0.0,0.0,0.0,0.0,0.0,0.0,0.0,0.0,0.0,0.0,0.0,0.0,0.0,0.0,0.0,0.0,0.2,0.8,0.0,0.0,0.0,0.0,0.0,0.0,0.0,0.0,0.0,0.0,0.0,0.0,25.4,850.0,2.0,1,5.0,1,0.2,195.0,1.1,57.0,0.0,0.0,1.0,0.0,0.0,0.0,0.0,5.5769,0.0,0.0,0.0,0.0,0.0,0.0,0.0,0.0,0.0,0.0,0.0,0.0,0.0,0.0,0.0,0.0,0.0,0.0,0.0,0.0,0.0,0.0,0.0,0.0,432.0
69cd304629cce59b64a17837,69cd304629cce59b64a17837,0.0,0.0,0.0,0.0,0.0,0.0,0.0,0.0,0.0,0.0,0.0,0.0,0.0,0.0,0.0,0.01,0.0,0.99,0.0,0.0,0.0,0.0,0.0,0.0,0.0,0.0,0.0,0.0,0.0,0.0,71.282,500.0,2.0,1,10.0,1,0.01,145.0,1.96,50.0,0.0,1.0,0.0,1.0,0.0,0.0,0.0,7.343918,0.0,0.0,0.0,0.0,0.0,0.0,0.0,0.0,0.0,0.0,0.0,0.0,0.0,0.0,0.0,0.0,0.0,0.0,0.0,0.0,0.0,0.0,0.0,0.0,304.0
69cd304629cce59b64a1783a,69cd304629cce59b64a1783a,0.0,0.0,0.0,0.0,0.0,0.0,0.0,0.0,0.0,0.0,0.0,0.0,0.0,0.0,0.0,0.03,0.0,0.97,0.0,0.0,0.0,0.0,0.0,0.0,0.0,0.0,0.0,0.0,0.0,0.0,79.653,500.0,2.0,1,10.0,1,0.03,145.0,1.96,50.0,0.0,1.0,0.0,1.0,0.0,0.0,0.0,7.343918,0.0,0.0,0.0,0.0,0.0,0.0,0.0,0.0,0.0,0.0,0.0,0.0,0.0,0.0,0.0,0.0,0.0,0.0,0.0,0.0,0.0,0.0,0.0,0.0,300.0
69cd304729cce59b64a1783d,69cd304729cce59b64a1783d,0.0,0.0,0.0,0.0,0.0,0.0,0.0,0.0,0.0,0.0,0.0,0.0,0.0,0.0,0.0,0.05,0.0,0.95,0.0,0.0,0.0,0.0,0.0,0.0,0.0,0.0,0.0,0.0,0.0,0.0,57.853,500.0,2.0,0,10.0,1,0.05,145.0,1.96,50.0,0.0,1.0,0.0,1.0,0.0,0.0,0.0,7.343918,0.0,0.0,0.0,0.0,0.0,0.0,0.0,0.0,0.0,0.0,0.0,0.0,0.0,0.0,0.0,0.0,0.0,0.0,0.0,0.0,0.0,0.0,0.0,0.0,303.0
69cd304829cce59b64a17840,69cd304829cce59b64a17840,0.0,0.0,0.0,0.0,0.0,0.0,0.1,0.0,0.0,0.0,0.0,0.0,0.0,0.3,0.0,0.0,0.0,0.6,0.0,0.0,0.0,0.0,0.0,0.0,0.0,0.0,0.0,0.0,0.0,0.0,34.8,500.0,3.0,1,10.0,2,0.3,155.0,1.33,40.0,0.0,0.0,0.0,1.0,0.0,0.0,0.0,6.634126,0.1,135.0,1.88,27.0,0.0,1.0,1.0,0.0,0.0,0.0,0.0,7.88101,0.0,0.0,0.0,0.0,0.0,0.0,0.0,0.0,0.0,0.0,0.0,0.0,402.0
69cd304929cce59b64a17846,69cd304929cce59b64a17846,0.0,0.0,0.0,0.0,0.0,0.0,0.0,0.0,0.0,0.0,0.0,0.0,0.0,0.33,0.0,0.0,0.0,0.67,0.0,0.0,0.0,0.0,0.0,0.0,0.0,0.0,0.0,0.0,0.0,0.0,52.7,500.0,3.0,1,10.0,1,0.33,155.0,1.33,40.0,0.0,0.0,0.0,1.0,0.0,0.0,0.0,6.634126,0.0,0.0,0.0,0.0,0.0,0.0,0.0,0.0,0.0,0.0,0.0,0.0,0.0,0.0,0.0,0.0,0.0,0.0,0.0,0.0,0.0,0.0,0.0,0.0,558.0
69cd304d29cce59b64a1785a,69cd304d29cce59b64a1785a,0.0,0.0,0.0,0.0,0.0,0.0,0.0,0.0,0.0,0.0,0.0,0.0,0.0,0.0,0.0,0.0,0.0,1.0,0.0,0.0,0.0,0.0,0.0,0.0,0.0,0.0,0.0,0.0,0.0,0.0,83.0,500.0,5.0,1,10.0,0,0.0,0.0,0.0,0.0,0.0,0.0,0.0,0.0,0.0,0.0,0.0,0.0,0.0,0.0,0.0,0.0,0.0,0.0,0.0,0.0,0.0,0.0,0.0,0.0,0.0,0.0,0.0,0.0,0.0,0.0,0.0,0.0,0.0,0.0,0.0,0.0,425.0
69cd305129cce59b64a1786b,69cd305129cce59b64a1786b,0.0,0.0,0.0,0.0,0.0,0.0,0.0,0.0,0.0,0.0,0.0,0.0,0.0,0.4,0.0,0.0,0.0,0.6,0.0,0.0,0.0,0.0,0.0,0.0,0.0,0.0,0.0,0.0,0.0,0.0,52.9,550.0,5.0,1,10.0,1,0.4,155.0,1.33,40.0,0.0,0.0,0.0,1.0,0.0,0.0,0.0,6.634126,0.0,0.0,0.0,0.0,0.0,0.0,0.0,0.0,0.0,0.0,0.0,0.0,0.0,0.0,0.0,0.0,0.0,0.0,0.0,0.0,0.0,0.0,0.0,0.0,581.0
69cd305229cce59b64a17871,69cd305229cce59b64a17871,0.0,0.0,0.0,0.0,0.0,0.0,0.0,0.0,0.0,0.0,0.0,0.0,0.0,0.0,0.0,0.0,0.08826049700085689,0.9117395029991431,0.0,0.0,0.0,0.0,0.0,0.0,0.0,0.0,0.0,0.0,0.0,0.0,98.0,300.0,2.0,1,10.0,1,0.08826049700085689,195.0,1.1,57.0,0.0,0.0,1.0,0.0,0.0,0.0,0.0,5.5769,0.0,0.0,0.0,0.0,0.0,0.0,0.0,0.0,0.0,0.0,0.0,0.0,0.0,0.0,0.0,0.0,0.0,0.0,0.0,0.0,0.0,0.0,0.0,0.0,446.0
69cd305329cce59b64a17875,69cd305329cce59b64a17875,0.0,0.0,0.0,0.0,0.0,0.0,0.0,0.0,0.0,0.0,0.0,0.0,0.0,0.0,0.0,0.0,0.0,0.896814404432133,0.0,0.0,0.0,0.0,0.10318559556786704,0.0,0.0,0.0,0.0,0.0,0.0,0.0,96.0,300.0,2.0,1,10.0,1,0.10318559556786704,180.0,1.2,64.0,0.0,0.0,1.0,0.0,0.0,0.0,0.0,6.1498,0.0,0.0,0.0,0.0,0.0,0.0,0.0,0.0,0.0,0.0,0.0,0.0,0.0,0.0,0.0,0.0,0.0,0.0,0.0,0.0,0.0,0.0,0.0,0.0,450.0
69cd305429cce59b64a17879,69cd305429cce59b64a17879,0.0,0.0,0.0,0.0,0.0,0.0,0.0,0.0,0.0,0.0,0.0,0.0,0.0,0.0,0.0,0.0,0.0,0.92573402417962,0.0,0.0,0.0,0.07426597582037996,0.0,0.0,0.0,0.0,0.0,0.0,0.0,0.0,84.0,300.0,2.0,1,10.0,1,0.07426597582037996,185.0,1.2,63.0,0.0,1.0,1.0,0.0,0.0,0.0,0.0,5.670385,0.0,0.0,0.0,0.0,0.0,0.0,0.0,0.0,0.0,0.0,0.0,0.0,0.0,0.0,0.0,0.0,0.0,0.0,0.0,0.0,0.0,0.0,0.0,0.0,428.0
69cd305829cce59b64a17885,69cd305829cce59b64a17885,0.0,0.0,0.0,0.0,0.1,0.0,0.0,0.0,0.0,0.0,0.0,0.0,0.0,0.0,0.0,0.0,0.0,0.9,0.0,0.0,0.0,0.0,0.0,0.0,0.0,0.0,0.0,0.0,0.0,0.0,121.0,550.0,6.0,1,10.0,1,0.1,140.0,1.55,25.0,0.0,1.0,0.0,1.0,0.0,0.0,1.0,7.434038,0.0,0.0,0.0,0.0,0.0,0.0,0.0,0.0,0.0,0.0,0.0,0.0,0.0,0.0,0.0,0.0,0.0,0.0,0.0,0.0,0.0,0.0,0.0,0.0,420.0
69cd305929cce59b64a17888,69cd305929cce59b64a17888,0.0,0.0,0.0,0.0,0.0,0.1,0.0,0.0,0.0,0.0,0.0,0.0,0.0,0.0,0.0,0.0,0.0,0.9,0.0,0.0,0.0,0.0,0.0,0.0,0.0,0.0,0.0,0.0,0.0,0.0,100.0,550.0,6.0,1,10.0,1,0.1,140.0,1.83,26.0,0.0,1.0,1.0,0.0,0.0,0.0,0.0,7.9024681,0.0,0.0,0.0,0.0,0.0,0.0,0.0,0.0,0.0,0.0,0.0,0.0,0.0,0.0,0.0,0.0,0.0,0.0,0.0,0.0,0.0,0.0,0.0,0.0,399.0
69cd305a29cce59b64a1788b,69cd305a29cce59b64a1788b,0.0,0.0,0.0,0.0,0.0,0.0,0.1,0.0,0.0,0.0,0.0,0.0,0.0,0.0,0.0,0.0,0.0,0.9,0.0,0.0,0.0,0.0,0.0,0.0,0.0,0.0,0.0,0.0,0.0,0.0,68.0,550.0,6.0,1,10.0,1,0.1,135.0,1.88,27.0,0.0,1.0,1.0,0.0,0.0,0.0,0.0,7.88101,0.0,0.0,0.0,0.0,0.0,0.0,0.0,0.0,0.0,0.0,0.0,0.0,0.0,0.0,0.0,0.0,0.0,0.0,0.0,0.0,0.0,0.0,0.0,0.0,346.0
69cd305a29cce59b64a1788e,69cd305a29cce59b64a1788e,0.0,0.0,0.0,0.0,0.0,0.0,0.0,0.0,0.1,0.0,0.0,0.0,0.0,0.0,0.0,0.0,0.0,0.9,0.0,0.0,0.0,0.0,0.0,0.0,0.0,0.0,0.0,0.0,0.0,0.0,121.0,550.0,6.0,1,10.0,1,0.1,135.0,1.9,29.0,0.0,1.0,0.0,0.0,0.0,0.0,0.0,7.72638,0.0,0.0,0.0,0.0,0.0,0.0,0.0,0.0,0.0,0.0,0.0,0.0,0.0,0.0,0.0,0.0,0.0,0.0,0.0,0.0,0.0,0.0,0.0,0.0,153.0
69cd305b29cce59b64a17891,69cd305b29cce59b64a17891,0.0,0.0,0.0,0.0,0.0,0.0,0.0,0.0,0.0,0.0,0.0,0.0,0.0,0.0,0.0,0.0,0.0,1.0,0.0,0.0,0.0,0.0,0.0,0.0,0.0,0.0,0.0,0.0,0.0,0.0,105.0,550.0,6.0,1,10.0,0,0.0,0.0,0.0,0.0,0.0,0.0,0.0,0.0,0.0,0.0,0.0,0.0,0.0,0.0,0.0,0.0,0.0,0.0,0.0,0.0,0.0,0.0,0.0,0.0,0.0,0.0,0.0,0.0,0.0,0.0,0.0,0.0,0.0,0.0,0.0,0.0,541.0
69cd305c29cce59b64a17894,69cd305c29cce59b64a17894,0.0,0.0,0.0,0.0,0.0,0.0,0.0,0.0,0.1,0.0,0.0,0.0,0.0,0.0,0.0,0.0,0.0,0.9,0.0,0.0,0.0,0.0,0.0,0.0,0.0,0.0,0.0,0.0,0.0,0.0,47.0,700.0,5.0,1,5.0,1,0.1,135.0,1.9,29.0,0.0,1.0,0.0,0.0,0.0,0.0,0.0,7.72638,0.0,0.0,0.0,0.0,0.0,0.0,0.0,0.0,0.0,0.0,0.0,0.0,0.0,0.0,0.0,0.0,0.0,0.0,0.0,0.0,0.0,0.0,0.0,0.0,110.0
69cd306529cce59b64a178b8,69cd306529cce59b64a178b8,0.0,0.0,0.0,0.0,0.0,0.0,0.0,0.0,0.05,0.0,0.0,0.0,0.0,0.0,0.0,0.0,0.0,0.95,0.0,0.0,0.0,0.0,0.0,0.0,0.0,0.0,0.0,0.0,0.0,0.0,48.0,650.0,0.5,1,5.0,1,0.05,135.0,1.9,29.0,0.0,1.0,0.0,0.0,0.0,0.0,0.0,7.72638,0.0,0.0,0.0,0.0,0.0,0.0,0.0,0.0,0.0,0.0,0.0,0.0,0.0,0.0,0.0,0.0,0.0,0.0,0.0,0.0,0.0,0.0,0.0,0.0,150.0
69cd306729cce59b64a178bc,69cd306729cce59b64a178bc,0.0,0.0,0.0,0.0,0.0,0.0,0.0,0.0,0.15,0.0,0.0,0.0,0.0,0.0,0.0,0.0,0.0,0.85,0.0,0.0,0.0,0.0,0.0,0.0,0.0,0.0,0.0,0.0,0.0,0.0,26.0,650.0,0.5,1,5.0,1,0.15,135.0,1.9,29.0,0.0,1.0,0.0,0.0,0.0,0.0,0.0,7.72638,0.0,0.0,0.0,0.0,0.0,0.0,0.0,0.0,0.0,0.0,0.0,0.0,0.0,0.0,0.0,0.0,0.0,0.0,0.0,0.0,0.0,0.0,0.0,0.0,150.0
69cd306829cce59b64a178c0,69cd306829cce59b64a178c0,0.0,0.0,0.0,0.0,0.0,0.0,0.0,0.0,0.0,0.0,0.0,0.0,0.0,0.0,0.0,0.0,0.1,0.9,0.0,0.0,0.0,0.0,0.0,0.0,0.0,0.0,0.0,0.0,0.0,0.0,43.0,300.0,1.0,1,10.0,1,0.1,195.0,1.1,57.0,0.0,0.0,1.0,0.0,0.0,0.0,0.0,5.5769,0.0,0.0,0.0,0.0,0.0,0.0,0.0,0.0,0.0,0.0,0.0,0.0,0.0,0.0,0.0,0.0,0.0,0.0,0.0,0.0,0.0,0.0,0.0,0.0,386.0
69cd306929cce59b64a178c2,69cd306929cce59b64a178c2,0.0,0.0,0.0,0.0,0.0,0.0,0.0,0.0,0.0,0.0,0.0,0.0,0.0,0.0,0.0,0.0,0.0,0.9,0.0,0.0,0.0,0.0,0.1,0.0,0.0,0.0,0.0,0.0,0.0,0.0,35.0,300.0,1.0,1,10.0,1,0.1,180.0,1.2,64.0,0.0,0.0,1.0,0.0,0.0,0.0,0.0,6.1498,0.0,0.0,0.0,0.0,0.0,0.0,0.0,0.0,0.0,0.0,0.0,0.0,0.0,0.0,0.0,0.0,0.0,0.0,0.0,0.0,0.0,0.0,0.0,0.0,434.0
69cd306a29cce59b64a178c8,69cd306a29cce59b64a178c8,0.0,0.0,0.0,0.0,0.0,0.0,0.0,0.0,0.0,0.0,0.0,0.0,0.0,0.0,0.0,0.0,0.0,0.9,0.1,0.0,0.0,0.0,0.0,0.0,0.0,0.0,0.0,0.0,0.0,0.0,43.0,300.0,1.0,1,10.0,1,0.1,185.0,1.13,59.0,0.0,0.0,1.0,0.0,0.0,0.0,0.0,5.4702,0.0,0.0,0.0,0.0,0.0,0.0,0.0,0.0,0.0,0.0,0.0,0.0,0.0,0.0,0.0,0.0,0.0,0.0,0.0,0.0,0.0,0.0,0.0,0.0,420.0
69cd319279554f6cd0a367eb,69cd319279554f6cd0a367eb,0.0,0.0,0.0,0.0,0.0,0.0,0.0,0.0,0.45,0.0,0.0,0.0,0.0,0.0,0.0,0.0,0.0,0.55,0.0,0.0,0.0,0.0,0.0,0.0,0.0,0.0,0.0,0.0,0.0,0.0,16.0,650.0,0.5,1,5.0,1,0.45,135.0,1.9,29.0,0.0,1.0,0.0,0.0,0.0,0.0,0.0,7.72638,0.0,0.0,0.0,0.0,0.0,0.0,0.0,0.0,0.0,0.0,0.0,0.0,0.0,0.0,0.0,0.0,0.0,0.0,0.0,0.0,0.0,0.0,0.0,0.0,209.0
